Workbook
Name Combine: _CombineConfig!$A$1
Name rng_pasteID: _CombineConfig!$A$2

Sheet template
A1: Master PL Combine RPT Tool | G1: Initial Combined RPT | K1: Individual RPT's
A2: Output| RPT | K2: RPT1 | L2: RPT2 | M2: RPT3 | N2: RPT4
C3: OUTPUT VECTOR | G3: OUTPUT VECTOR | K3: INPUT VECTOR | L3: INPUT VECTOR | M3: INPUT VECTOR | N3: INPUT VECTOR
C5: Combined | G5: Combined-Initial | K5: 1 | L5: 2 | M5: 3 | N5: 4
A6: RPT Information | K6: =IF('RPT1'!$J6="","",'RPT1'!$J6) | L6: =IF('RPT2'!$J6="","",'RPT2'!$J6) | M6: =IF('RPT3'!$J6="","",'RPT3'!$J6) | N6: =IF('RPT4'!$J6="","",'RPT4'!$J6)
A7: RPT Version | K7: =IF('RPT1'!$J7="","",'RPT1'!$J7) | L7: =IF('RPT2'!$J7="","",'RPT2'!$J7) | M7: =IF('RPT3'!$J7="","",'RPT3'!$J7) | N7: =IF('RPT4'!$J7="","",'RPT4'!$J7)
A8: RPT ID | C8: =IF(Combine="Y", $G8, 0) -> RPT8336655253428HQ | G8: =rng_pasteID -> RPT8336655253428HQ | K8: =IF('RPT1'!$J8="","",'RPT1'!$J8) -> RPT8336655253428HQ | L8: =IF('RPT2'!$J8="","",'RPT2'!$J8) -> RPT7846672245493EJ | M8: =IF('RPT3'!$J8="","",'RPT3'!$J8) -> RPT2307771054698PL | N8: =IF('RPT4'!$J8="","",'RPT4'!$J8) -> RPT4790517414883UF
A9: RPT Run Date | C9: =IF(Combine="Y", $G9, 0) -> 46276.471 | G9: ='Output| Specialty RPT'!$B$5 -> 46276.471 | K9: =IF('RPT1'!$J9="","",'RPT1'!$J9) -> 2025-12-23T17:48:58.000+00:00 | L9: =IF('RPT2'!$J9="","",'RPT2'!$J9) -> 2025-12-23T17:48:58.000+00:00 | M9: =IF('RPT3'!$J9="","",'RPT3'!$J9) -> 2025-12-23T17:48:58.000+00:00 | N9: =IF('RPT4'!$J9="","",'RPT4'!$J9) -> 2025-12-23T17:48:58.000+00:00
A10: RPT Repository Location | C10: =IF(Combine="Y", $G10, 0) -> N/A | G10: =IF($K10="[blank]", "[blank]", IF(AND( IF($L10="[blank]",TRUE,$K10=$L10), IF($M10="[blank]",TRUE,$K10=$M10), IF($N10="[blank]",TRUE,$K10=$N10)), $K10, "Combined RPT")) -> N/A | K10: =IF('RPT1'!$J10="","",'RPT1'!$J10) -> N/A | L10: =IF('RPT2'!$J10="","",'RPT2'!$J10) -> N/A | M10: =IF('RPT3'!$J10="","",'RPT3'!$J10) -> N/A | N10: =IF('RPT4'!$J10="","",'RPT4'!$J10) -> N/A
A11: RPT Model Year 1 | C11: =IF(Combine="Y", $G11, 0) -> 10/26 - 09/27 | G11: =IF($K11="[blank]", "[blank]", IF(AND( IF($L11="[blank]",TRUE,$K11=$L11), IF($M11="[blank]",TRUE,$K11=$M11), IF($N11="[blank]",TRUE,$K11=$N11)), $K11, "Combined RPT")) -> 10/26 - 09/27 | K11: =IF('RPT1'!$J11="","",'RPT1'!$J11) -> 10/26 - 09/27 | L11: =IF('RPT2'!$J11="","",'RPT2'!$J11) -> 10/26 - 09/27 | M11: =IF('RPT3'!$J11="","",'RPT3'!$J11) -> 10/26 - 09/27 | N11: =IF('RPT4'!$J11="","",'RPT4'!$J11) -> 10/26 - 09/27
A12: RPT Model Year 2 | C12: =IF(Combine="Y", $G12, 0) -> 10/27 - 09/28 | G12: =IF($K12="[blank]", "[blank]", IF(AND( IF($L12="[blank]",TRUE,$K12=$L12), IF($M12="[blank]",TRUE,$K12=$M12), IF($N12="[blank]",TRUE,$K12=$N12)), $K12, "Combined RPT")) -> 10/27 - 09/28 | K12: =IF('RPT1'!$J12="","",'RPT1'!$J12) -> 10/27 - 09/28 | L12: =IF('RPT2'!$J12="","",'RPT2'!$J12) -> 10/27 - 09/28 | M12: =IF('RPT3'!$J12="","",'RPT3'!$J12) -> 10/27 - 09/28 | N12: =IF('RPT4'!$J12="","",'RPT4'!$J12) -> 10/27 - 09/28
A13: RPT Model Year 3 | C13: =IF(Combine="Y", $G13, 0) -> 10/28 - 09/29 | G13: =IF($K13="[blank]", "[blank]", IF(AND( IF($L13="[blank]",TRUE,$K13=$L13), IF($M13="[blank]",TRUE,$K13=$M13), IF($N13="[blank]",TRUE,$K13=$N13)), $K13, "Combined RPT")) -> 10/28 - 09/29 | K13: =IF('RPT1'!$J13="","",'RPT1'!$J13) -> 10/28 - 09/29 | L13: =IF('RPT2'!$J13="","",'RPT2'!$J13) -> 10/28 - 09/29 | M13: =IF('RPT3'!$J13="","",'RPT3'!$J13) -> 10/28 - 09/29 | N13: =IF('RPT4'!$J13="","",'RPT4'!$J13) -> 10/28 - 09/29
A14: RPT Model Year 4 | C14: =IF(Combine="Y", $G14, 0) -> 10/29 - 09/30 | G14: =IF($K14="[blank]", "[blank]", IF(AND( IF($L14="[blank]",TRUE,$K14=$L14), IF($M14="[blank]",TRUE,$K14=$M14), IF($N14="[blank]",TRUE,$K14=$N14)), $K14, "Combined RPT")) -> 10/29 - 09/30 | K14: =IF('RPT1'!$J14="","",'RPT1'!$J14) -> 10/29 - 09/30 | L14: =IF('RPT2'!$J14="","",'RPT2'!$J14) -> 10/29 - 09/30 | M14: =IF('RPT3'!$J14="","",'RPT3'!$J14) -> 10/29 - 09/30 | N14: =IF('RPT4'!$J14="","",'RPT4'!$J14) -> 10/29 - 09/30
A15: RPT Model Year 5 | C15: =IF(Combine="Y", $G15, 0) -> 10/30 - 09/31 | G15: =IF($K15="[blank]", "[blank]", IF(AND( IF($L15="[blank]",TRUE,$K15=$L15), IF($M15="[blank]",TRUE,$K15=$M15), IF($N15="[blank]",TRUE,$K15=$N15)), $K15, "Combined RPT")) -> 10/30 - 09/31 | K15: =IF('RPT1'!$J15="","",'RPT1'!$J15) -> 10/30 - 09/31 | L15: =IF('RPT2'!$J15="","",'RPT2'!$J15) -> 10/30 - 09/31 | M15: =IF('RPT3'!$J15="","",'RPT3'!$J15) -> 10/30 - 09/31 | N15: =IF('RPT4'!$J15="","",'RPT4'!$J15) -> 10/30 - 09/31
A16: Base Start Date | C16: =IF(Combine="Y", $G16, 0) -> 10/01/2024 | G16: =IF($K16="[blank]", "[blank]", IF(AND( IF($L16="[blank]",TRUE,$K16=$L16), IF($M16="[blank]",TRUE,$K16=$M16), IF($N16="[blank]",TRUE,$K16=$N16)), $K16, "Combined RPT")) -> 10/01/2024 | K16: =IF('RPT1'!$J16="","",'RPT1'!$J16) -> 10/01/2024 | L16: =IF('RPT2'!$J16="","",'RPT2'!$J16) -> 10/01/2024 | M16: =IF('RPT3'!$J16="","",'RPT3'!$J16) -> 10/01/2024 | N16: =IF('RPT4'!$J16="","",'RPT4'!$J16) -> 10/01/2024
A17: Base End Date | C17: =IF(Combine="Y", $G17, 0) -> 09/30/2025 | G17: =IF($K17="[blank]", "[blank]", IF(AND( IF($L17="[blank]",TRUE,$K17=$L17), IF($M17="[blank]",TRUE,$K17=$M17), IF($N17="[blank]",TRUE,$K17=$N17)), $K17, "Combined RPT")) -> 09/30/2025 | K17: =IF('RPT1'!$J17="","",'RPT1'!$J17) -> 09/30/2025 | L17: =IF('RPT2'!$J17="","",'RPT2'!$J17) -> 09/30/2025 | M17: =IF('RPT3'!$J17="","",'RPT3'!$J17) -> 09/30/2025 | N17: =IF('RPT4'!$J17="","",'RPT4'!$J17) -> 09/30/2025
A18: Client Name | C18: =IF(Combine="Y", $G18, 0) -> Health Delegates Amwins Coast College Rebate Only | G18: =IF($K18="[blank]", "[blank]", IF(AND( IF($L18="[blank]",TRUE,$K18=$L18), IF($M18="[blank]",TRUE,$K18=$M18), IF($N18="[blank]",TRUE,$K18=$N18)), $K18, "Combined RPT")) -> Health Delegates Amwins Coast College Rebate Only | K18: =IF('RPT1'!$J18="","",'RPT1'!$J18) -> Health Delegates Amwins Coast College Rebate Only | L18: =IF('RPT2'!$J18="","",'RPT2'!$J18) -> Health Delegates Amwins Coast College Rebate Only | M18: =IF('RPT3'!$J18="","",'RPT3'!$J18) -> Health Delegates Amwins Coast College Rebate Only | N18: =IF('RPT4'!$J18="","",'RPT4'!$J18) -> Health Delegates Amwins Coast College Rebate Only
A19: Line of Business | C19: =IF(Combine="Y", $G19, 0) -> Medicare D | G19: =IF($K19="[blank]", "[blank]", IF(AND( IF($L19="[blank]",TRUE,$K19=$L19), IF($M19="[blank]",TRUE,$K19=$M19), IF($N19="[blank]",TRUE,$K19=$N19)), $K19, "Combined RPT")) -> Medicare D | K19: =IF('RPT1'!$J19="","",'RPT1'!$J19) -> Medicare D | L19: =IF('RPT2'!$J19="","",'RPT2'!$J19) -> Medicare D | M19: =IF('RPT3'!$J19="","",'RPT3'!$J19) -> Medicare D | N19: =IF('RPT4'!$J19="","",'RPT4'!$J19) -> Medicare D
A20: Formulary | C20: =IF(Combine="Y", $G20, 0) -> Gold 5 Tier | G20: =IF($K20="[blank]", "[blank]", IF(AND( IF($L20="[blank]",TRUE,$K20=$L20), IF($M20="[blank]",TRUE,$K20=$M20), IF($N20="[blank]",TRUE,$K20=$N20)), $K20, "Combined RPT")) -> Gold 5 Tier | K20: =IF('RPT1'!$J20="","",'RPT1'!$J20) -> Gold 5 Tier | L20: =IF('RPT2'!$J20="","",'RPT2'!$J20) -> Gold 5 Tier | M20: =IF('RPT3'!$J20="","",'RPT3'!$J20) -> Gold 5 Tier | N20: =IF('RPT4'!$J20="","",'RPT4'!$J20) -> Gold 5 Tier
A21: Exclusions | C21: =IF(Combine="Y", $G21, 0) -> Combined RPT | G21: =IF($K21="[blank]", "[blank]", IF(AND( IF($L21="[blank]",TRUE,$K21=$L21), IF($M21="[blank]",TRUE,$K21=$M21), IF($N21="[blank]",TRUE,$K21=$N21)), $K21, "Combined RPT")) -> Combined RPT | K21: =IF('RPT1'!$J21="","",'RPT1'!$J21) -> MFP 2026 | L21: =IF('RPT2'!$J21="","",'RPT2'!$J21) | M21: =IF('RPT3'!$J21="","",'RPT3'!$J21) -> MFP 2026 & 2027 | N21: =IF('RPT4'!$J21="","",'RPT4'!$J21) -> MFP 2026 & 2027
... A51: Data Filters | C51: =IF(Combine="Y", $G51, 0) -> N/A | G51: =IF($K51="[blank]", "[blank]", IF(AND( IF($L51="[blank]",TRUE,$K51=$L51), IF($M51="[blank]",TRUE,$K51=$M51), IF($N51="[blank]",TRUE,$K51=$N51)), $K51, "Combined RPT")) -> N/A | K51: =IF('RPT1'!$J51="","",'RPT1'!$J51) -> N/A | L51: =IF('RPT2'!$J51="","",'RPT2'!$J51) -> N/A | M51: =IF('RPT3'!$J51="","",'RPT3'!$J51) -> N/A | N51: =IF('RPT4'!$J51="","",'RPT4'!$J51) -> N/A
A52: Mail 30 DS Script Distribution | C52: =IF(Combine="Y", $G52, 0) -> 0 | G52: =IF(G122=0, 0, SUMPRODUCT($K122:$N122,$K52:$N52) / G122) -> 0 | K52: =IF('RPT1'!$J52="","",'RPT1'!$J52) -> 0 | L52: =IF('RPT2'!$J52="","",'RPT2'!$J52) -> 0 | M52: =IF('RPT3'!$J52="","",'RPT3'!$J52) -> 0 | N52: =IF('RPT4'!$J52="","",'RPT4'!$J52) -> 0
A53: Mail 30 DS Rebate Distribution | C53: =IF(Combine="Y", $G53, 0) -> 0 | G53: =IF($K53="[blank]", "[blank]", IF(AND( IF($L53="[blank]",TRUE,$K53=$L53), IF($M53="[blank]",TRUE,$K53=$M53), IF($N53="[blank]",TRUE,$K53=$N53)), $K53, "Combined RPT")) -> 0 | K53: =IF('RPT1'!$J53="","",'RPT1'!$J53) -> 0 | L53: =IF('RPT2'!$J53="","",'RPT2'!$J53) -> 0 | M53: =IF('RPT3'!$J53="","",'RPT3'!$J53) -> 0 | N53: =IF('RPT4'!$J53="","",'RPT4'!$J53) -> 0
A54: B/G Selected URL | C54: =IF(Combine="Y", $G54, 0) -> https://repricingrequestform.optum.com/BGDefLookup/Override | G54: =IF($K54="[blank]", "[blank]", IF(AND( IF($L54="[blank]",TRUE,$K54=$L54), IF($M54="[blank]",TRUE,$K54=$M54), IF($N54="[blank]",TRUE,$K54=$N54)), $K54, "Combined RPT")) -> https://repricingrequestform.optum.com/BGDefLookup/Override | K54: =IF('RPT1'!$J54="","",'RPT1'!$J54) -> https://repricingrequestform.optum.com/BGDefLookup/Override | L54: =IF('RPT2'!$J54="","",'RPT2'!$J54) -> https://repricingrequestform.optum.com/BGDefLookup/Override | M54: =IF('RPT3'!$J54="","",'RPT3'!$J54) -> https://repricingrequestform.optum.com/BGDefLookup/Override | N54: =IF('RPT4'!$J54="","",'RPT4'!$J54) -> https://repricingrequestform.optum.com/BGDefLookup/Override
A55: oGLP-1 Scenario for New Coverage | C55: =IF(Combine="Y", $G55, 0) -> N/A | G55: =IF($K55="[blank]", "[blank]", IF(AND( IF($L55="[blank]",TRUE,$K55=$L55), IF($M55="[blank]",TRUE,$K55=$M55), IF($N55="[blank]",TRUE,$K55=$N55)), $K55, "Combined RPT")) -> N/A | K55: =IF('RPT1'!$J55="","",'RPT1'!$J55) -> N/A | L55: =IF('RPT2'!$J55="","",'RPT2'!$J55) -> N/A | M55: =IF('RPT3'!$J55="","",'RPT3'!$J55) -> N/A | N55: =IF('RPT4'!$J55="","",'RPT4'!$J55) -> N/A
A56: [Placeholder] | C56: =IF(Combine="Y", $G56, 0) | G56: =IF($K56="[blank]", "[blank]", IF(AND( IF($L56="[blank]",TRUE,$K56=$L56), IF($M56="[blank]",TRUE,$K56=$M56), IF($N56="[blank]",TRUE,$K56=$N56)), $K56, "Combined RPT")) | K56: =IF('RPT1'!$J56="","",'RPT1'!$J56) | L56: =IF('RPT2'!$J56="","",'RPT2'!$J56) | M56: =IF('RPT3'!$J56="","",'RPT3'!$J56) | N56: =IF('RPT4'!$J56="","",'RPT4'!$J56)
A57: [Placeholder] | C57: =IF(Combine="Y", $G57, 0) | G57: =IF($K57="[blank]", "[blank]", IF(AND( IF($L57="[blank]",TRUE,$K57=$L57), IF($M57="[blank]",TRUE,$K57=$M57), IF($N57="[blank]",TRUE,$K57=$N57)), $K57, "Combined RPT")) | K57: =IF('RPT1'!$J57="","",'RPT1'!$J57) | L57: =IF('RPT2'!$J57="","",'RPT2'!$J57) | M57: =IF('RPT3'!$J57="","",'RPT3'!$J57) | N57: =IF('RPT4'!$J57="","",'RPT4'!$J57)
A58: Specialty List | C58: =IF(Combine="Y", $G58, 0) -> Standard | G58: =IF($K58="[blank]", "[blank]", IF(AND( IF($L58="[blank]",TRUE,$K58=$L58), IF($M58="[blank]",TRUE,$K58=$M58), IF($N58="[blank]",TRUE,$K58=$N58)), $K58, "Combined RPT")) -> Standard | K58: =IF('RPT1'!$J58="","",'RPT1'!$J58) -> Standard | L58: =IF('RPT2'!$J58="","",'RPT2'!$J58) -> Standard | M58: =IF('RPT3'!$J58="","",'RPT3'!$J58) -> Standard | N58: =IF('RPT4'!$J58="","",'RPT4'!$J58) -> Standard
A59: B/G Definition | C59: =IF(Combine="Y", $G59, 0) -> Standard | G59: =IF($K59="[blank]", "[blank]", IF(AND( IF($L59="[blank]",TRUE,$K59=$L59), IF($M59="[blank]",TRUE,$K59=$M59), IF($N59="[blank]",TRUE,$K59=$N59)), $K59, "Combined RPT")) -> Standard | K59: =IF('RPT1'!$J59="","",'RPT1'!$J59) -> Standard | L59: =IF('RPT2'!$J59="","",'RPT2'!$J59) -> Standard | M59: =IF('RPT3'!$J59="","",'RPT3'!$J59) -> Standard | N59: =IF('RPT4'!$J59="","",'RPT4'!$J59) -> Standard
A60: Lift Type | C60: =IF(Combine="Y", $G60, 0) -> No oGLP-1 Rebate Lift | G60: =IF($K60="[blank]", "[blank]", IF(AND( IF($L60="[blank]",TRUE,$K60=$L60), IF($M60="[blank]",TRUE,$K60=$M60), IF($N60="[blank]",TRUE,$K60=$N60)), $K60, "Combined RPT")) -> No oGLP-1 Rebate Lift | K60: =IF('RPT1'!$J60="","",'RPT1'!$J60) -> No oGLP-1 Rebate Lift | L60: =IF('RPT2'!$J60="","",'RPT2'!$J60) -> No oGLP-1 Rebate Lift | M60: =IF('RPT3'!$J60="","",'RPT3'!$J60) -> No oGLP-1 Rebate Lift | N60: =IF('RPT4'!$J60="","",'RPT4'!$J60) -> No oGLP-1 Rebate Lift
A61: Shifting | C61: =IF(Combine="Y", $G61, 0) -> Yes | G61: =IF($K61="[blank]", "[blank]", IF(AND( IF($L61="[blank]",TRUE,$K61=$L61), IF($M61="[blank]",TRUE,$K61=$M61), IF($N61="[blank]",TRUE,$K61=$N61)), $K61, "Combined RPT")) -> Yes | K61: =IF('RPT1'!$J61="","",'RPT1'!$J61) -> Yes | L61: =IF('RPT2'!$J61="","",'RPT2'!$J61) -> Yes | M61: =IF('RPT3'!$J61="","",'RPT3'!$J61) -> Yes | N61: =IF('RPT4'!$J61="","",'RPT4'!$J61) -> Yes
A62: Patent List | C62: =IF(Combine="Y", $G62, 0) -> Standard | G62: =IF($K62="[blank]", "[blank]", IF(AND( IF($L62="[blank]",TRUE,$K62=$L62), IF($M62="[blank]",TRUE,$K62=$M62), IF($N62="[blank]",TRUE,$K62=$N62)), $K62, "Combined RPT")) -> Standard | K62: =IF('RPT1'!$J62="","",'RPT1'!$J62) -> Standard | L62: =IF('RPT2'!$J62="","",'RPT2'!$J62) -> Standard | M62: =IF('RPT3'!$J62="","",'RPT3'!$J62) -> Standard | N62: =IF('RPT4'!$J62="","",'RPT4'!$J62) -> Standard
A63: Rebate Credit | C63: =IF(Combine="Y", $G63, 0) -> Combined RPT | G63: =IF($K63="[blank]", "[blank]", IF(AND( IF($L63="[blank]",TRUE,$K63=$L63), IF($M63="[blank]",TRUE,$K63=$M63), IF($N63="[blank]",TRUE,$K63=$N63)), $K63, "Combined RPT")) -> Combined RPT | K63: =IF('RPT1'!$J63="","",'RPT1'!$J63) -> Yes | L63: =IF('RPT2'!$J63="","",'RPT2'!$J63) -> Yes | M63: =IF('RPT3'!$J63="","",'RPT3'!$J63) -> Yes | N63: =IF('RPT4'!$J63="","",'RPT4'!$J63) -> No
A64: Continuation of Therapy - Non-Specialty - Applied | C64: =IF(Combine="Y", $G64, 0) -> Yes | G64: =IF($K64="[blank]", "[blank]", IF(AND( IF($L64="[blank]",TRUE,$K64=$L64), IF($M64="[blank]",TRUE,$K64=$M64), IF($N64="[blank]",TRUE,$K64=$N64)), $K64, "Combined RPT")) -> Yes | K64: =IF('RPT1'!$J64="","",'RPT1'!$J64) -> Yes | L64: =IF('RPT2'!$J64="","",'RPT2'!$J64) -> Yes | M64: =IF('RPT3'!$J64="","",'RPT3'!$J64) -> Yes | N64: =IF('RPT4'!$J64="","",'RPT4'!$J64) -> Yes
... A77: [Placeholder] | C77: =IF(Combine="Y", $G77, 0) -> N/A | G77: =IF($K77="[blank]", "[blank]", IF(AND( IF($L77="[blank]",TRUE,$K77=$L77), IF($M77="[blank]",TRUE,$K77=$M77), IF($N77="[blank]",TRUE,$K77=$N77)), $K77, "Combined RPT")) -> N/A | K77: =IF('RPT1'!$J77="","",'RPT1'!$J77) -> N/A | L77: =IF('RPT2'!$J77="","",'RPT2'!$J77) -> N/A | M77: =IF('RPT3'!$J77="","",'RPT3'!$J77) -> N/A | N77: =IF('RPT4'!$J77="","",'RPT4'!$J77) -> N/A
A79: Projected Scripts - w/o Exclusions | K79: =IF('RPT1'!$J79="","",'RPT1'!$J79) | L79: =IF('RPT2'!$J79="","",'RPT2'!$J79) | M79: =IF('RPT3'!$J79="","",'RPT3'!$J79) | N79: =IF('RPT4'!$J79="","",'RPT4'!$J79)
A80: Projected Scripts - w/o Exclusions - Mail - Brand - Year 1 | C80: -1 | G80: -1 | K80: -1 | L80: -1 | M80: -1 | N80: -1
A81: Projected Scripts - w/o Exclusions - Mail - Brand - Year 2 | C81: =IF(Combine="Y", $G81, 0) -> 714.17213 | G81: =SUM($K81:$N81) -> 714.17213 | K81: =IF('RPT1'!$J81="","",'RPT1'!$J81) -> 166.62674 | L81: =IF('RPT2'!$J81="","",'RPT2'!$J81) -> 182.54499 | M81: =IF('RPT3'!$J81="","",'RPT3'!$J81) -> 182.45541 | N81: =IF('RPT4'!$J81="","",'RPT4'!$J81) -> 182.54499
A82: Projected Scripts - w/o Exclusions - Mail - Brand - Year 3 | C82: =IF(Combine="Y", $G82, 0) -> 692.7818 | G82: =SUM($K82:$N82) -> 692.7818 | K82: =IF('RPT1'!$J82="","",'RPT1'!$J82) -> 168.11826 | L82: =IF('RPT2'!$J82="","",'RPT2'!$J82) -> 174.91569 | M82: =IF('RPT3'!$J82="","",'RPT3'!$J82) -> 174.83216 | N82: =IF('RPT4'!$J82="","",'RPT4'!$J82) -> 174.91569
A83: Projected Scripts - w/o Exclusions - Mail - Brand - Year 4 | C83: =IF(Combine="Y", $G83, 0) -> 681.78851 | G83: =SUM($K83:$N83) -> 681.78851 | K83: =IF('RPT1'!$J83="","",'RPT1'!$J83) -> 165.80537 | L83: =IF('RPT2'!$J83="","",'RPT2'!$J83) -> 172.02847 | M83: =IF('RPT3'!$J83="","",'RPT3'!$J83) -> 171.9262 | N83: =IF('RPT4'!$J83="","",'RPT4'!$J83) -> 172.02847
A84: Projected Scripts - w/o Exclusions - Mail - Brand - Year 5 | C84: =IF(Combine="Y", $G84, 0) -> 687.33475 | G84: =SUM($K84:$N84) -> 687.33475 | K84: =IF('RPT1'!$J84="","",'RPT1'!$J84) -> 166.86125 | L84: =IF('RPT2'!$J84="","",'RPT2'!$J84) -> 173.52687 | M84: =IF('RPT3'!$J84="","",'RPT3'!$J84) -> 173.41976 | N84: =IF('RPT4'!$J84="","",'RPT4'!$J84) -> 173.52687
A85: Projected Scripts - w/o Exclusions - Mail - Generic - Year 1 | C85: =IF(Combine="Y", $G85, 0) -> 64.678439 | G85: =SUM($K85:$N85) -> 64.678439 | K85: =IF('RPT1'!$J85="","",'RPT1'!$J85) -> 16.189462 | L85: =IF('RPT2'!$J85="","",'RPT2'!$J85) -> 16.139339 | M85: =IF('RPT3'!$J85="","",'RPT3'!$J85) -> 16.210298 | N85: =IF('RPT4'!$J85="","",'RPT4'!$J85) -> 16.139339
A86: Projected Scripts - w/o Exclusions - Mail - Generic - Year 2 | C86: =IF(Combine="Y", $G86, 0) -> 112.03559 | G86: =SUM($K86:$N86) -> 112.03559 | K86: =IF('RPT1'!$J86="","",'RPT1'!$J86) -> 28.022212 | L86: =IF('RPT2'!$J86="","",'RPT2'!$J86) -> 27.9746 | M86: =IF('RPT3'!$J86="","",'RPT3'!$J86) -> 28.064176 | N86: =IF('RPT4'!$J86="","",'RPT4'!$J86) -> 27.9746
A87: Projected Scripts - w/o Exclusions - Mail - Generic - Year 3 | C87: =IF(Combine="Y", $G87, 0) -> 173.89043 | G87: =SUM($K87:$N87) -> 173.89043 | K87: =IF('RPT1'!$J87="","",'RPT1'!$J87) -> 43.472037 | L87: =IF('RPT2'!$J87="","",'RPT2'!$J87) -> 43.444955 | M87: =IF('RPT3'!$J87="","",'RPT3'!$J87) -> 43.528484 | N87: =IF('RPT4'!$J87="","",'RPT4'!$J87) -> 43.444955
A88: Projected Scripts - w/o Exclusions - Mail - Generic - Year 4 | C88: =IF(Combine="Y", $G88, 0) -> 223.8364 | G88: =SUM($K88:$N88) -> 223.8364 | K88: =IF('RPT1'!$J88="","",'RPT1'!$J88) -> 55.956752 | L88: =IF('RPT2'!$J88="","",'RPT2'!$J88) -> 55.925791 | M88: =IF('RPT3'!$J88="","",'RPT3'!$J88) -> 56.028063 | N88: =IF('RPT4'!$J88="","",'RPT4'!$J88) -> 55.925791
A89: Projected Scripts - w/o Exclusions - Mail - Generic - Year 5 | C89: =IF(Combine="Y", $G89, 0) -> 267.63187 | G89: =SUM($K89:$N89) -> 267.63187 | K89: =IF('RPT1'!$J89="","",'RPT1'!$J89) -> 66.911007 | L89: =IF('RPT2'!$J89="","",'RPT2'!$J89) -> 66.871252 | M89: =IF('RPT3'!$J89="","",'RPT3'!$J89) -> 66.978362 | N89: =IF('RPT4'!$J89="","",'RPT4'!$J89) -> 66.871252
A90: Projected Scripts - w/o Exclusions - Retail 30 - Brand - Year 1 | C90: =IF(Combine="Y", $G90, 0) -> 914.92391 | G90: =SUM($K90:$N90) -> 914.92391 | K90: =IF('RPT1'!$J90="","",'RPT1'!$J90) -> 175.24709 | L90: =IF('RPT2'!$J90="","",'RPT2'!$J90) -> 246.61087 | M90: =IF('RPT3'!$J90="","",'RPT3'!$J90) -> 246.45508 | N90: =IF('RPT4'!$J90="","",'RPT4'!$J90) -> 246.61087
A91: Projected Scripts - w/o Exclusions - Retail 30 - Brand - Year 2 | C91: =IF(Combine="Y", $G91, 0) -> 799.47704 | G91: =SUM($K91:$N91) -> 799.47704 | K91: =IF('RPT1'!$J91="","",'RPT1'!$J91) -> 163.82883 | L91: =IF('RPT2'!$J91="","",'RPT2'!$J91) -> 211.94006 | M91: =IF('RPT3'!$J91="","",'RPT3'!$J91) -> 211.76809 | N91: =IF('RPT4'!$J91="","",'RPT4'!$J91) -> 211.94006
A92: Projected Scripts - w/o Exclusions - Retail 30 - Brand - Year 3 | C92: =IF(Combine="Y", $G92, 0) -> 673.2184 | G92: =SUM($K92:$N92) -> 673.2184 | K92: =IF('RPT1'!$J92="","",'RPT1'!$J92) -> 155.50375 | L92: =IF('RPT2'!$J92="","",'RPT2'!$J92) -> 172.601 | M92: =IF('RPT3'!$J92="","",'RPT3'!$J92) -> 172.51266 | N92: =IF('RPT4'!$J92="","",'RPT4'!$J92) -> 172.601
... A119: Projected Scripts - w/o Exclusions - Specialty - Generic - Year 5 | C119: =IF(Combine="Y", $G119, 0) -> 70.508231 | G119: =SUM($K119:$N119) -> 70.508231 | K119: =IF('RPT1'!$J119="","",'RPT1'!$J119) -> 17.642379 | L119: =IF('RPT2'!$J119="","",'RPT2'!$J119) -> 17.621951 | M119: =IF('RPT3'!$J119="","",'RPT3'!$J119) -> 17.621951 | N119: =IF('RPT4'!$J119="","",'RPT4'!$J119) -> 17.621951
A121: Projected Scripts - w/ Exclusions | K121: =IF('RPT1'!$J121="","",'RPT1'!$J121) | L121: =IF('RPT2'!$J121="","",'RPT2'!$J121) | M121: =IF('RPT3'!$J121="","",'RPT3'!$J121) | N121: =IF('RPT4'!$J121="","",'RPT4'!$J121)
A122: Projected Scripts - w/ Exclusions - Mail - Brand - Year 1 | C122: =IF(Combine="Y", $G122, 0) -> 687.55021 | G122: =SUM($K122:$N122) -> 687.55021 | K122: =IF('RPT1'!$J122="","",'RPT1'!$J122) -> 161.9734 | L122: =IF('RPT2'!$J122="","",'RPT2'!$J122) -> 186.95474 | M122: =IF('RPT3'!$J122="","",'RPT3'!$J122) -> 151.53693 | N122: =IF('RPT4'!$J122="","",'RPT4'!$J122) -> 187.08514
A123: Projected Scripts - w/ Exclusions - Mail - Brand - Year 2 | C123: =IF(Combine="Y", $G123, 0) -> 683.99798 | G123: =SUM($K123:$N123) -> 683.99798 | K123: =IF('RPT1'!$J123="","",'RPT1'!$J123) -> 166.54722 | L123: =IF('RPT2'!$J123="","",'RPT2'!$J123) -> 182.46253 | M123: =IF('RPT3'!$J123="","",'RPT3'!$J123) -> 152.52004 | N123: =IF('RPT4'!$J123="","",'RPT4'!$J123) -> 182.46819
A124: Projected Scripts - w/ Exclusions - Mail - Brand - Year 3 | C124: =IF(Combine="Y", $G124, 0) -> 671.58613 | G124: =SUM($K124:$N124) -> 671.58613 | K124: =IF('RPT1'!$J124="","",'RPT1'!$J124) -> 168.03875 | L124: =IF('RPT2'!$J124="","",'RPT2'!$J124) -> 174.83524 | M124: =IF('RPT3'!$J124="","",'RPT3'!$J124) -> 153.8732 | N124: =IF('RPT4'!$J124="","",'RPT4'!$J124) -> 174.83894
A125: Projected Scripts - w/ Exclusions - Mail - Brand - Year 4 | C125: =IF(Combine="Y", $G125, 0) -> 661.01843 | G125: =SUM($K125:$N125) -> 661.01843 | K125: =IF('RPT1'!$J125="","",'RPT1'!$J125) -> 165.72544 | L125: =IF('RPT2'!$J125="","",'RPT2'!$J125) -> 171.94748 | M125: =IF('RPT3'!$J125="","",'RPT3'!$J125) -> 151.39439 | N125: =IF('RPT4'!$J125="","",'RPT4'!$J125) -> 171.95111
A126: Projected Scripts - w/ Exclusions - Mail - Brand - Year 5 | C126: =IF(Combine="Y", $G126, 0) -> 669.16716 | G126: =SUM($K126:$N126) -> 669.16716 | K126: =IF('RPT1'!$J126="","",'RPT1'!$J126) -> 166.78156 | L126: =IF('RPT2'!$J126="","",'RPT2'!$J126) -> 173.44599 | M126: =IF('RPT3'!$J126="","",'RPT3'!$J126) -> 155.49045 | N126: =IF('RPT4'!$J126="","",'RPT4'!$J126) -> 173.44916
A127: Projected Scripts - w/ Exclusions - Mail - Generic - Year 1 | C127: =IF(Combine="Y", $G127, 0) -> 64.678439 | G127: =SUM($K127:$N127) -> 64.678439 | K127: =IF('RPT1'!$J127="","",'RPT1'!$J127) -> 16.189462 | L127: =IF('RPT2'!$J127="","",'RPT2'!$J127) -> 16.139339 | M127: =IF('RPT3'!$J127="","",'RPT3'!$J127) -> 16.210298 | N127: =IF('RPT4'!$J127="","",'RPT4'!$J127) -> 16.139339
A128: Projected Scripts - w/ Exclusions - Mail - Generic - Year 2 | C128: =IF(Combine="Y", $G128, 0) -> 112.03559 | G128: =SUM($K128:$N128) -> 112.03559 | K128: =IF('RPT1'!$J128="","",'RPT1'!$J128) -> 28.022212 | L128: =IF('RPT2'!$J128="","",'RPT2'!$J128) -> 27.9746 | M128: =IF('RPT3'!$J128="","",'RPT3'!$J128) -> 28.064176 | N128: =IF('RPT4'!$J128="","",'RPT4'!$J128) -> 27.9746
A129: Projected Scripts - w/ Exclusions - Mail - Generic - Year 3 | C129: =IF(Combine="Y", $G129, 0) -> 173.89043 | G129: =SUM($K129:$N129) -> 173.89043 | K129: =IF('RPT1'!$J129="","",'RPT1'!$J129) -> 43.472037 | L129: =IF('RPT2'!$J129="","",'RPT2'!$J129) -> 43.444955 | M129: =IF('RPT3'!$J129="","",'RPT3'!$J129) -> 43.528484 | N129: =IF('RPT4'!$J129="","",'RPT4'!$J129) -> 43.444955
A130: Projected Scripts - w/ Exclusions - Mail - Generic - Year 4 | C130: =IF(Combine="Y", $G130, 0) -> 223.8364 | G130: =SUM($K130:$N130) -> 223.8364 | K130: =IF('RPT1'!$J130="","",'RPT1'!$J130) -> 55.956752 | L130: =IF('RPT2'!$J130="","",'RPT2'!$J130) -> 55.925791 | M130: =IF('RPT3'!$J130="","",'RPT3'!$J130) -> 56.028063 | N130: =IF('RPT4'!$J130="","",'RPT4'!$J130) -> 55.925791
A131: Projected Scripts - w/ Exclusions - Mail - Generic - Year 5 | C131: =IF(Combine="Y", $G131, 0) -> 267.63187 | G131: =SUM($K131:$N131) -> 267.63187 | K131: =IF('RPT1'!$J131="","",'RPT1'!$J131) -> 66.911007 | L131: =IF('RPT2'!$J131="","",'RPT2'!$J131) -> 66.871252 | M131: =IF('RPT3'!$J131="","",'RPT3'!$J131) -> 66.978362 | N131: =IF('RPT4'!$J131="","",'RPT4'!$J131) -> 66.871252
A132: Projected Scripts - w/ Exclusions - Retail 30 - Brand - Year 1 | C132: =IF(Combine="Y", $G132, 0) -> 832.47545 | G132: =SUM($K132:$N132) -> 832.47545 | K132: =IF('RPT1'!$J132="","",'RPT1'!$J132) -> 174.59356 | L132: =IF('RPT2'!$J132="","",'RPT2'!$J132) -> 243.99479 | M132: =IF('RPT3'!$J132="","",'RPT3'!$J132) -> 167.92972 | N132: =IF('RPT4'!$J132="","",'RPT4'!$J132) -> 245.95738
A133: Projected Scripts - w/ Exclusions - Retail 30 - Brand - Year 2 | C133: =IF(Combine="Y", $G133, 0) -> 738.34175 | G133: =SUM($K133:$N133) -> 738.34175 | K133: =IF('RPT1'!$J133="","",'RPT1'!$J133) -> 163.24573 | L133: =IF('RPT2'!$J133="","",'RPT2'!$J133) -> 209.82649 | M133: =IF('RPT3'!$J133="","",'RPT3'!$J133) -> 153.88808 | N133: =IF('RPT4'!$J133="","",'RPT4'!$J133) -> 211.38145
... A161: Projected Scripts - w/ Exclusions - Specialty - Generic - Year 5 | C161: =IF(Combine="Y", $G161, 0) -> 38.070349 | G161: =SUM($K161:$N161) -> 38.070349 | K161: =IF('RPT1'!$J161="","",'RPT1'!$J161) -> 17.642379 | L161: =IF('RPT2'!$J161="","",'RPT2'!$J161) -> 14.808646 | M161: =IF('RPT3'!$J161="","",'RPT3'!$J161) -> 2.8269241 | N161: =IF('RPT4'!$J161="","",'RPT4'!$J161) -> 2.7924004
A163: Projected AWP / Rx - w/o Exclusions | K163: =IF('RPT1'!$J163="","",'RPT1'!$J163) | L163: =IF('RPT2'!$J163="","",'RPT2'!$J163) | M163: =IF('RPT3'!$J163="","",'RPT3'!$J163) | N163: =IF('RPT4'!$J163="","",'RPT4'!$J163)
A164: Projected AWP / Rx - w/o Exclusions - Mail - Brand - Year 1 | C164: =IF(Combine="Y", $G164, 0) -> 4923.6186 | G164: =IF(G80=0,0,SUMPRODUCT($K80:$N80,$K164:$N164)/G80) -> 4923.6186 | K164: =IF('RPT1'!$J164="","",'RPT1'!$J164) -> 1142.2588 | L164: =IF('RPT2'!$J164="","",'RPT2'!$J164) -> 1260.582 | M164: =IF('RPT3'!$J164="","",'RPT3'!$J164) -> 1260.1958 | N164: =IF('RPT4'!$J164="","",'RPT4'!$J164) -> 1260.582
A165: Projected AWP / Rx - w/o Exclusions - Mail - Brand - Year 2 | C165: =IF(Combine="Y", $G165, 0) -> 1311.7688 | G165: =IF(G81=0,0,SUMPRODUCT($K81:$N81,$K165:$N165)/G81) -> 1311.7688 | K165: =IF('RPT1'!$J165="","",'RPT1'!$J165) -> 1260.2023 | L165: =IF('RPT2'!$J165="","",'RPT2'!$J165) -> 1327.6504 | M165: =IF('RPT3'!$J165="","",'RPT3'!$J165) -> 1327.0827 | N165: =IF('RPT4'!$J165="","",'RPT4'!$J165) -> 1327.6504
A166: Projected AWP / Rx - w/o Exclusions - Mail - Brand - Year 3 | C166: =IF(Combine="Y", $G166, 0) -> 1416.5329 | G166: =IF(G82=0,0,SUMPRODUCT($K82:$N82,$K166:$N166)/G82) -> 1416.5329 | K166: =IF('RPT1'!$J166="","",'RPT1'!$J166) -> 1393.3716 | L166: =IF('RPT2'!$J166="","",'RPT2'!$J166) -> 1424.1767 | M166: =IF('RPT3'!$J166="","",'RPT3'!$J166) -> 1423.51 | N166: =IF('RPT4'!$J166="","",'RPT4'!$J166) -> 1424.1767
A167: Projected AWP / Rx - w/o Exclusions - Mail - Brand - Year 4 | C167: =IF(Combine="Y", $G167, 0) -> 1591.5119 | G167: =IF(G83=0,0,SUMPRODUCT($K83:$N83,$K167:$N167)/G83) -> 1591.5119 | K167: =IF('RPT1'!$J167="","",'RPT1'!$J167) -> 1573.5443 | L167: =IF('RPT2'!$J167="","",'RPT2'!$J167) -> 1597.5519 | M167: =IF('RPT3'!$J167="","",'RPT3'!$J167) -> 1596.7527 | N167: =IF('RPT4'!$J167="","",'RPT4'!$J167) -> 1597.5519
A168: Projected AWP / Rx - w/o Exclusions - Mail - Brand - Year 5 | C168: =IF(Combine="Y", $G168, 0) -> 1725.6206 | G168: =IF(G84=0,0,SUMPRODUCT($K84:$N84,$K168:$N168)/G84) -> 1725.6206 | K168: =IF('RPT1'!$J168="","",'RPT1'!$J168) -> 1710.0302 | L168: =IF('RPT2'!$J168="","",'RPT2'!$J168) -> 1730.8674 | M168: =IF('RPT3'!$J168="","",'RPT3'!$J168) -> 1730.1215 | N168: =IF('RPT4'!$J168="","",'RPT4'!$J168) -> 1730.8674
A169: Projected AWP / Rx - w/o Exclusions - Mail - Generic - Year 1 | C169: =IF(Combine="Y", $G169, 0) -> 1641.4338 | G169: =IF(G85=0,0,SUMPRODUCT($K85:$N85,$K169:$N169)/G85) -> 1641.4338 | K169: =IF('RPT1'!$J169="","",'RPT1'!$J169) -> 1641.4338 | L169: =IF('RPT2'!$J169="","",'RPT2'!$J169) -> 1641.4338 | M169: =IF('RPT3'!$J169="","",'RPT3'!$J169) -> 1641.4338 | N169: =IF('RPT4'!$J169="","",'RPT4'!$J169) -> 1641.4338
A170: Projected AWP / Rx - w/o Exclusions - Mail - Generic - Year 2 | C170: =IF(Combine="Y", $G170, 0) -> 1741.5715 | G170: =IF(G86=0,0,SUMPRODUCT($K86:$N86,$K170:$N170)/G86) -> 1741.5715 | K170: =IF('RPT1'!$J170="","",'RPT1'!$J170) -> 1741.5715 | L170: =IF('RPT2'!$J170="","",'RPT2'!$J170) -> 1741.5715 | M170: =IF('RPT3'!$J170="","",'RPT3'!$J170) -> 1741.5715 | N170: =IF('RPT4'!$J170="","",'RPT4'!$J170) -> 1741.5715
A171: Projected AWP / Rx - w/o Exclusions - Mail - Generic - Year 3 | C171: =IF(Combine="Y", $G171, 0) -> 1681.2776 | G171: =IF(G87=0,0,SUMPRODUCT($K87:$N87,$K171:$N171)/G87) -> 1681.2776 | K171: =IF('RPT1'!$J171="","",'RPT1'!$J171) -> 1681.2776 | L171: =IF('RPT2'!$J171="","",'RPT2'!$J171) -> 1681.2776 | M171: =IF('RPT3'!$J171="","",'RPT3'!$J171) -> 1681.2776 | N171: =IF('RPT4'!$J171="","",'RPT4'!$J171) -> 1681.2776
A172: Projected AWP / Rx - w/o Exclusions - Mail - Generic - Year 4 | C172: =IF(Combine="Y", $G172, 0) -> 1555.1807 | G172: =IF(G88=0,0,SUMPRODUCT($K88:$N88,$K172:$N172)/G88) -> 1555.1807 | K172: =IF('RPT1'!$J172="","",'RPT1'!$J172) -> 1555.1807 | L172: =IF('RPT2'!$J172="","",'RPT2'!$J172) -> 1555.1807 | M172: =IF('RPT3'!$J172="","",'RPT3'!$J172) -> 1555.1807 | N172: =IF('RPT4'!$J172="","",'RPT4'!$J172) -> 1555.1807
A173: Projected AWP / Rx - w/o Exclusions - Mail - Generic - Year 5 | C173: =IF(Combine="Y", $G173, 0) -> 1643.5893 | G173: =IF(G89=0,0,SUMPRODUCT($K89:$N89,$K173:$N173)/G89) -> 1643.5893 | K173: =IF('RPT1'!$J173="","",'RPT1'!$J173) -> 1643.5893 | L173: =IF('RPT2'!$J173="","",'RPT2'!$J173) -> 1643.5893 | M173: =IF('RPT3'!$J173="","",'RPT3'!$J173) -> 1643.5893 | N173: =IF('RPT4'!$J173="","",'RPT4'!$J173) -> 1643.5893
A174: Projected AWP / Rx - w/o Exclusions - Retail 30 - Brand - Year 1 | C174: =IF(Combine="Y", $G174, 0) -> 671.74404 | G174: =IF(G90=0,0,SUMPRODUCT($K90:$N90,$K174:$N174)/G90) -> 671.74404 | K174: =IF('RPT1'!$J174="","",'RPT1'!$J174) -> 654.23585 | L174: =IF('RPT2'!$J174="","",'RPT2'!$J174) -> 675.90851 | M174: =IF('RPT3'!$J174="","",'RPT3'!$J174) -> 675.85942 | N174: =IF('RPT4'!$J174="","",'RPT4'!$J174) -> 675.90851
A175: Projected AWP / Rx - w/o Exclusions - Retail 30 - Brand - Year 2 | C175: =IF(Combine="Y", $G175, 0) -> 700.29137 | G175: =IF(G91=0,0,SUMPRODUCT($K91:$N91,$K175:$N175)/G91) -> 700.29137 | K175: =IF('RPT1'!$J175="","",'RPT1'!$J175) -> 693.99322 | L175: =IF('RPT2'!$J175="","",'RPT2'!$J175) -> 701.93828 | M175: =IF('RPT3'!$J175="","",'RPT3'!$J175) -> 701.86728 | N175: =IF('RPT4'!$J175="","",'RPT4'!$J175) -> 701.93828
... A203: Projected AWP / Rx - w/o Exclusions - Specialty - Generic - Year 5 | C203: =IF(Combine="Y", $G203, 0) -> 25278.079 | G203: =IF(G119=0,0,SUMPRODUCT($K119:$N119,$K203:$N203)/G119) -> 25278.079 | K203: =IF('RPT1'!$J203="","",'RPT1'!$J203) -> 25263.265 | L203: =IF('RPT2'!$J203="","",'RPT2'!$J203) -> 25279.978 | M203: =IF('RPT3'!$J203="","",'RPT3'!$J203) -> 25262.909 | N203: =IF('RPT4'!$J203="","",'RPT4'!$J203) -> 25306.18
A205: Projected AWP / Rx - w/ Exclusions | K205: =IF('RPT1'!$J205="","",'RPT1'!$J205) | L205: =IF('RPT2'!$J205="","",'RPT2'!$J205) | M205: =IF('RPT3'!$J205="","",'RPT3'!$J205) | N205: =IF('RPT4'!$J205="","",'RPT4'!$J205)
A206: Projected AWP / Rx - w/ Exclusions - Mail - Brand - Year 1 | C206: =IF(Combine="Y", $G206, 0) -> 1185.2625 | G206: =IF(G122=0,0,SUMPRODUCT($K122:$N122,$K206:$N206)/G122) -> 1185.2625 | K206: =IF('RPT1'!$J206="","",'RPT1'!$J206) -> 1142.2588 | L206: =IF('RPT2'!$J206="","",'RPT2'!$J206) -> 1260.582 | M206: =IF('RPT3'!$J206="","",'RPT3'!$J206) -> 1045.3163 | N206: =IF('RPT4'!$J206="","",'RPT4'!$J206) -> 1260.582
A207: Projected AWP / Rx - w/ Exclusions - Mail - Brand - Year 2 | C207: =IF(Combine="Y", $G207, 0) -> 1268.6087 | G207: =IF(G123=0,0,SUMPRODUCT($K123:$N123,$K207:$N207)/G123) -> 1268.6087 | K207: =IF('RPT1'!$J207="","",'RPT1'!$J207) -> 1260.2023 | L207: =IF('RPT2'!$J207="","",'RPT2'!$J207) -> 1327.6504 | M207: =IF('RPT3'!$J207="","",'RPT3'!$J207) -> 1136.5206 | N207: =IF('RPT4'!$J207="","",'RPT4'!$J207) -> 1327.6504
A208: Projected AWP / Rx - w/ Exclusions - Mail - Brand - Year 3 | C208: =IF(Combine="Y", $G208, 0) -> 1382.6621 | G208: =IF(G124=0,0,SUMPRODUCT($K124:$N124,$K208:$N208)/G124) -> 1382.6621 | K208: =IF('RPT1'!$J208="","",'RPT1'!$J208) -> 1393.3716 | L208: =IF('RPT2'!$J208="","",'RPT2'!$J208) -> 1424.1767 | M208: =IF('RPT3'!$J208="","",'RPT3'!$J208) -> 1276.6257 | N208: =IF('RPT4'!$J208="","",'RPT4'!$J208) -> 1424.1767
A209: Projected AWP / Rx - w/ Exclusions - Mail - Brand - Year 4 | C209: =IF(Combine="Y", $G209, 0) -> 1561.1975 | G209: =IF(G125=0,0,SUMPRODUCT($K125:$N125,$K209:$N209)/G125) -> 1561.1975 | K209: =IF('RPT1'!$J209="","",'RPT1'!$J209) -> 1573.5443 | L209: =IF('RPT2'!$J209="","",'RPT2'!$J209) -> 1597.5519 | M209: =IF('RPT3'!$J209="","",'RPT3'!$J209) -> 1465.1014 | N209: =IF('RPT4'!$J209="","",'RPT4'!$J209) -> 1597.5519
A210: Projected AWP / Rx - w/ Exclusions - Mail - Brand - Year 5 | C210: =IF(Combine="Y", $G210, 0) -> 1703.1643 | G210: =IF(G126=0,0,SUMPRODUCT($K126:$N126,$K210:$N210)/G126) -> 1703.1643 | K210: =IF('RPT1'!$J210="","",'RPT1'!$J210) -> 1710.0302 | L210: =IF('RPT2'!$J210="","",'RPT2'!$J210) -> 1730.8674 | M210: =IF('RPT3'!$J210="","",'RPT3'!$J210) -> 1633.9949 | N210: =IF('RPT4'!$J210="","",'RPT4'!$J210) -> 1730.8674
A211: Projected AWP / Rx - w/ Exclusions - Mail - Generic - Year 1 | C211: =IF(Combine="Y", $G211, 0) -> 1641.4338 | G211: =IF(G127=0,0,SUMPRODUCT($K127:$N127,$K211:$N211)/G127) -> 1641.4338 | K211: =IF('RPT1'!$J211="","",'RPT1'!$J211) -> 1641.4338 | L211: =IF('RPT2'!$J211="","",'RPT2'!$J211) -> 1641.4338 | M211: =IF('RPT3'!$J211="","",'RPT3'!$J211) -> 1641.4338 | N211: =IF('RPT4'!$J211="","",'RPT4'!$J211) -> 1641.4338
A212: Projected AWP / Rx - w/ Exclusions - Mail - Generic - Year 2 | C212: =IF(Combine="Y", $G212, 0) -> 1741.5715 | G212: =IF(G128=0,0,SUMPRODUCT($K128:$N128,$K212:$N212)/G128) -> 1741.5715 | K212: =IF('RPT1'!$J212="","",'RPT1'!$J212) -> 1741.5715 | L212: =IF('RPT2'!$J212="","",'RPT2'!$J212) -> 1741.5715 | M212: =IF('RPT3'!$J212="","",'RPT3'!$J212) -> 1741.5715 | N212: =IF('RPT4'!$J212="","",'RPT4'!$J212) -> 1741.5715
A213: Projected AWP / Rx - w/ Exclusions - Mail - Generic - Year 3 | C213: =IF(Combine="Y", $G213, 0) -> 1681.2776 | G213: =IF(G129=0,0,SUMPRODUCT($K129:$N129,$K213:$N213)/G129) -> 1681.2776 | K213: =IF('RPT1'!$J213="","",'RPT1'!$J213) -> 1681.2776 | L213: =IF('RPT2'!$J213="","",'RPT2'!$J213) -> 1681.2776 | M213: =IF('RPT3'!$J213="","",'RPT3'!$J213) -> 1681.2776 | N213: =IF('RPT4'!$J213="","",'RPT4'!$J213) -> 1681.2776
A214: Projected AWP / Rx - w/ Exclusions - Mail - Generic - Year 4 | C214: =IF(Combine="Y", $G214, 0) -> 1555.1807 | G214: =IF(G130=0,0,SUMPRODUCT($K130:$N130,$K214:$N214)/G130) -> 1555.1807 | K214: =IF('RPT1'!$J214="","",'RPT1'!$J214) -> 1555.1807 | L214: =IF('RPT2'!$J214="","",'RPT2'!$J214) -> 1555.1807 | M214: =IF('RPT3'!$J214="","",'RPT3'!$J214) -> 1555.1807 | N214: =IF('RPT4'!$J214="","",'RPT4'!$J214) -> 1555.1807
A215: Projected AWP / Rx - w/ Exclusions - Mail - Generic - Year 5 | C215: =IF(Combine="Y", $G215, 0) -> 1643.5893 | G215: =IF(G131=0,0,SUMPRODUCT($K131:$N131,$K215:$N215)/G131) -> 1643.5893 | K215: =IF('RPT1'!$J215="","",'RPT1'!$J215) -> 1643.5893 | L215: =IF('RPT2'!$J215="","",'RPT2'!$J215) -> 1643.5893 | M215: =IF('RPT3'!$J215="","",'RPT3'!$J215) -> 1643.5893 | N215: =IF('RPT4'!$J215="","",'RPT4'!$J215) -> 1643.5893
A216: Projected AWP / Rx - w/ Exclusions - Retail 30 - Brand - Year 1 | C216: =IF(Combine="Y", $G216, 0) -> 664.73144 | G216: =IF(G132=0,0,SUMPRODUCT($K132:$N132,$K216:$N216)/G132) -> 664.73144 | K216: =IF('RPT1'!$J216="","",'RPT1'!$J216) -> 654.23585 | L216: =IF('RPT2'!$J216="","",'RPT2'!$J216) -> 675.90851 | M216: =IF('RPT3'!$J216="","",'RPT3'!$J216) -> 643.03326 | N216: =IF('RPT4'!$J216="","",'RPT4'!$J216) -> 675.90851
A217: Projected AWP / Rx - w/ Exclusions - Retail 30 - Brand - Year 2 | C217: =IF(Combine="Y", $G217, 0) -> 695.16631 | G217: =IF(G133=0,0,SUMPRODUCT($K133:$N133,$K217:$N217)/G133) -> 695.16631 | K217: =IF('RPT1'!$J217="","",'RPT1'!$J217) -> 693.99322 | L217: =IF('RPT2'!$J217="","",'RPT2'!$J217) -> 701.93828 | M217: =IF('RPT3'!$J217="","",'RPT3'!$J217) -> 677.87516 | N217: =IF('RPT4'!$J217="","",'RPT4'!$J217) -> 701.93828
... A245: Projected AWP / Rx - w/ Exclusions - Specialty - Generic - Year 5 | C245: =IF(Combine="Y", $G245, 0) -> 23904.184 | G245: =IF(G161=0,0,SUMPRODUCT($K161:$N161,$K245:$N245)/G161) -> 23904.184 | K245: =IF('RPT1'!$J245="","",'RPT1'!$J245) -> 25263.265 | L245: =IF('RPT2'!$J245="","",'RPT2'!$J245) -> 28806.117 | M245: =IF('RPT3'!$J245="","",'RPT3'!$J245) -> 6719.1265 | N245: =IF('RPT4'!$J245="","",'RPT4'!$J245) -> 6719.1265
A247: Base Scripts - w/o Exclusions | K247: =IF('RPT1'!$J247="","",'RPT1'!$J247) | L247: =IF('RPT2'!$J247="","",'RPT2'!$J247) | M247: =IF('RPT3'!$J247="","",'RPT3'!$J247) | N247: =IF('RPT4'!$J247="","",'RPT4'!$J247)
A248: Base Scripts - w/o Exclusions - Mail - Brand - Base - Maintenance | C248: =IF(Combine="Y", $G248, 0) -> 692 | G248: =SUM($K248:$N248) -> 692 | K248: =IF('RPT1'!$J248="","",'RPT1'!$J248) -> 173 | L248: =IF('RPT2'!$J248="","",'RPT2'!$J248) -> 173 | M248: =IF('RPT3'!$J248="","",'RPT3'!$J248) -> 173 | N248: =IF('RPT4'!$J248="","",'RPT4'!$J248) -> 173
A249: Base Scripts - w/o Exclusions - Mail - Generic - Base - Maintenance | C249: =IF(Combine="Y", $G249, 0) -> 0 | G249: =SUM($K249:$N249) -> 0 | K249: =IF('RPT1'!$J249="","",'RPT1'!$J249) -> 0 | L249: =IF('RPT2'!$J249="","",'RPT2'!$J249) -> 0 | M249: =IF('RPT3'!$J249="","",'RPT3'!$J249) -> 0 | N249: =IF('RPT4'!$J249="","",'RPT4'!$J249) -> 0
A250: Base Scripts - w/o Exclusions - Retail 30 - Brand - Base - Maintenance | C250: =IF(Combine="Y", $G250, 0) -> 768 | G250: =SUM($K250:$N250) -> 768 | K250: =IF('RPT1'!$J250="","",'RPT1'!$J250) -> 192 | L250: =IF('RPT2'!$J250="","",'RPT2'!$J250) -> 192 | M250: =IF('RPT3'!$J250="","",'RPT3'!$J250) -> 192 | N250: =IF('RPT4'!$J250="","",'RPT4'!$J250) -> 192
A251: Base Scripts - w/o Exclusions - Retail 30 - Generic - Base - Maintenance | C251: =IF(Combine="Y", $G251, 0) -> 0 | G251: =SUM($K251:$N251) -> 0 | K251: =IF('RPT1'!$J251="","",'RPT1'!$J251) -> 0 | L251: =IF('RPT2'!$J251="","",'RPT2'!$J251) -> 0 | M251: =IF('RPT3'!$J251="","",'RPT3'!$J251) -> 0 | N251: =IF('RPT4'!$J251="","",'RPT4'!$J251) -> 0
A252: Base Scripts - w/o Exclusions - Retail 90 - Brand - Base - Maintenance | C252: =IF(Combine="Y", $G252, 0) -> 584 | G252: =SUM($K252:$N252) -> 584 | K252: =IF('RPT1'!$J252="","",'RPT1'!$J252) -> 146 | L252: =IF('RPT2'!$J252="","",'RPT2'!$J252) -> 146 | M252: =IF('RPT3'!$J252="","",'RPT3'!$J252) -> 146 | N252: =IF('RPT4'!$J252="","",'RPT4'!$J252) -> 146
A253: Base Scripts - w/o Exclusions - Retail 90 - Generic - Base - Maintenance | C253: =IF(Combine="Y", $G253, 0) -> 0 | G253: =SUM($K253:$N253) -> 0 | K253: =IF('RPT1'!$J253="","",'RPT1'!$J253) -> 0 | L253: =IF('RPT2'!$J253="","",'RPT2'!$J253) -> 0 | M253: =IF('RPT3'!$J253="","",'RPT3'!$J253) -> 0 | N253: =IF('RPT4'!$J253="","",'RPT4'!$J253) -> 0
A254: Base Scripts - w/o Exclusions - Specialty - Brand - Base - Maintenance | C254: =IF(Combine="Y", $G254, 0) -> 56 | G254: =SUM($K254:$N254) -> 56 | K254: =IF('RPT1'!$J254="","",'RPT1'!$J254) -> 14 | L254: =IF('RPT2'!$J254="","",'RPT2'!$J254) -> 14 | M254: =IF('RPT3'!$J254="","",'RPT3'!$J254) -> 14 | N254: =IF('RPT4'!$J254="","",'RPT4'!$J254) -> 14
...

Sheet _CombineConfig
A1: Y
A2: RPT8336655253428HQ

Sheet Output| Specialty RPT
B5: 46276.471

Sheet RPT1
J8: RPT8336655253428HQ
J9: 2025-12-23T17:48:58.000+00:00
J10: N/A
J11: 10/26 - 09/27
J12: 10/27 - 09/28
J13: 10/28 - 09/29
J14: 10/29 - 09/30
J15: 10/30 - 09/31
J16: 10/01/2024
J17: 09/30/2025
J18: Health Delegates Amwins Coast College Rebate Only
J19: Medicare D
... J51: N/A
J52: 0
J53: 0
J54: https://repricingrequestform.optum.com/BGDefLookup/Override
J55: N/A
J58: Standard
J59: Standard
J60: No oGLP-1 Rebate Lift
J61: Yes
J62: Standard
J63: Yes
J64: Yes
J65: 6
J66: Yes
J67: 3
J68: No
J69: No
J70: No
J71: No
J72: No
J73: Medicare w Humira
J74: MFP 2026 list excluded
J75: <N/A>
J76: No
J77: N/A
J80: 162.05224
J81: 166.62674
J82: 168.11826
J83: 165.80537
J84: 166.86125
J85: 16.189462
J86: 28.022212
J87: 43.472037
J88: 55.956752
J89: 66.911007
J90: 175.24709
J91: 163.82883
... J943: 0

Sheet RPT2
J8: RPT7846672245493EJ
J9: 2025-12-23T17:48:58.000+00:00
J10: N/A
J11: 10/26 - 09/27
J12: 10/27 - 09/28
J13: 10/28 - 09/29
J14: 10/29 - 09/30
J15: 10/30 - 09/31
J16: 10/01/2024
J17: 09/30/2025
J18: Health Delegates Amwins Coast College Rebate Only
J19: Medicare D
... J51: N/A
J52: 0
J53: 0
J54: https://repricingrequestform.optum.com/BGDefLookup/Override
J55: N/A
J58: Standard
J59: Standard
J60: No oGLP-1 Rebate Lift
J61: Yes
J62: Standard
J63: Yes
J64: Yes
J65: 6
J66: Yes
J67: 3
J68: No
J69: Yes
J70: No
J71: No
J72: No
J73: <N/A>
J74: MFP Included
J75: PTD Stelara Exclusive
J76: No
J77: N/A
J80: 187.16397
J81: 182.54499
J82: 174.91569
J83: 172.02847
J84: 173.52687
J85: 16.139339
J86: 27.9746
J87: 43.444955
J88: 55.925791
J89: 66.871252
J90: 246.61087
J91: 211.94006
... J943: 0

Sheet RPT3
J8: RPT2307771054698PL
J9: 2025-12-23T17:48:58.000+00:00
J10: N/A
J11: 10/26 - 09/27
J12: 10/27 - 09/28
J13: 10/28 - 09/29
J14: 10/29 - 09/30
J15: 10/30 - 09/31
J16: 10/01/2024
J17: 09/30/2025
J18: Health Delegates Amwins Coast College Rebate Only
J19: Medicare D
... J51: N/A
J52: 0
J53: 0
J54: https://repricingrequestform.optum.com/BGDefLookup/Override
J55: N/A
J58: Standard
J59: Standard
J60: No oGLP-1 Rebate Lift
J61: Yes
J62: Standard
J63: Yes
J64: Yes
J65: 6
J66: Yes
J67: 3
J68: No
J69: Yes
J70: No
J71: No
J72: No
J73: Medicare w Humira
J74: MFP 2026 & 2027 lists excluded
J75: PTD Stelara Exclusive
J76: No
J77: N/A
J80: 187.09301
J81: 182.45541
J82: 174.83216
J83: 171.9262
J84: 173.41976
J85: 16.210298
J86: 28.064176
J87: 43.528484
J88: 56.028063
J89: 66.978362
J90: 246.45508
J91: 211.76809
... J943: 0

Sheet RPT4
J8: RPT4790517414883UF
J9: 2025-12-23T17:48:58.000+00:00
J10: N/A
J11: 10/26 - 09/27
J12: 10/27 - 09/28
J13: 10/28 - 09/29
J14: 10/29 - 09/30
J15: 10/30 - 09/31
J16: 10/01/2024
J17: 09/30/2025
J18: Health Delegates Amwins Coast College Rebate Only
J19: Medicare D
... J51: N/A
J52: 0
J53: 0
J54: https://repricingrequestform.optum.com/BGDefLookup/Override
J55: N/A
J58: Standard
J59: Standard
J60: No oGLP-1 Rebate Lift
J61: Yes
J62: Standard
J63: No
J64: Yes
J65: 6
J66: Yes
J67: 3
J68: No
J69: Yes
J70: No
J71: No
J72: No
J73: Medicare w Humira
J74: MFP 2026 & 2027 lists excluded
J75: PTD Stelara Exclusive
J76: No
J77: N/A
J80: 187.16397
J81: 182.54499
J82: 174.91569
J83: 172.02847
J84: 173.52687
J85: 16.139339
J86: 27.9746
J87: 43.444955
J88: 55.925791
J89: 66.871252
J90: 246.61087
J91: 211.94006
... J943: 0
