Workbook
Name Combine: '_CombineConfig'!$A$1
Name rng_pasteID: '_CombineConfig'!$A$2

Sheet template
A1: Master PL Combine RPT Tool | G1: Initial Combined RPT | K1: Individual RPT's
A2: Output| RPT | K2: RPT1 | L2: RPT2 | M2: RPT3
C3: OUTPUT VECTOR | G3: OUTPUT VECTOR | K3: INPUT VECTOR | L3: INPUT VECTOR | M3: INPUT VECTOR
C5: Combined | G5: Combined-Initial | K5: 1 | L5: 2 | M5: 3
A6: RPT Information | K6: =IF('RPT1'!$J6="","",'RPT1'!$J6) | L6: =IF('RPT2'!$J6="","",'RPT2'!$J6) | M6: =IF('RPT3'!$J6="","",'RPT3'!$J6)
A7: RPT Version | K7: =IF('RPT1'!$J7="","",'RPT1'!$J7) | L7: =IF('RPT2'!$J7="","",'RPT2'!$J7) | M7: =IF('RPT3'!$J7="","",'RPT3'!$J7)
A8: RPT ID | C8: =IF(Combine="Y", $G8, 0) | G8: =rng_pasteID | K8: =IF('RPT1'!$J8="","",'RPT1'!$J8) | L8: =IF('RPT2'!$J8="","",'RPT2'!$J8) | M8: =IF('RPT3'!$J8="","",'RPT3'!$J8)
A9: RPT Run Date | C9: =IF(Combine="Y", $G9, 0) | G9: ='Output| Specialty RPT'!$B$5 | K9: =IF('RPT1'!$J9="","",'RPT1'!$J9) | L9: =IF('RPT2'!$J9="","",'RPT2'!$J9) | M9: =IF('RPT3'!$J9="","",'RPT3'!$J9)
A10: RPT Repository Location | C10: =IF(Combine="Y", $G10, 0) | G10: =IF($K10="[blank]", "[blank]", IF(AND( IF($L10="[blank]",TRUE,$K10=$L10), IF($M10="[blank]",TRUE,$K10=$M10)), $K10, "Combined RPT")) | K10: =IF('RPT1'!$J10="","",'RPT1'!$J10) | L10: =IF('RPT2'!$J10="","",'RPT2'!$J10) | M10: =IF('RPT3'!$J10="","",'RPT3'!$J10)
A11: RPT Model Year 1 | C11: =IF(Combine="Y", $G11, 0) | G11: =IF($K11="[blank]", "[blank]", IF(AND( IF($L11="[blank]",TRUE,$K11=$L11), IF($M11="[blank]",TRUE,$K11=$M11)), $K11, "Combined RPT")) | K11: =IF('RPT1'!$J11="","",'RPT1'!$J11) | L11: =IF('RPT2'!$J11="","",'RPT2'!$J11) | M11: =IF('RPT3'!$J11="","",'RPT3'!$J11)
A12: RPT Model Year 2 | C12: =IF(Combine="Y", $G12, 0) | G12: =IF($K12="[blank]", "[blank]", IF(AND( IF($L12="[blank]",TRUE,$K12=$L12), IF($M12="[blank]",TRUE,$K12=$M12)), $K12, "Combined RPT")) | K12: =IF('RPT1'!$J12="","",'RPT1'!$J12) | L12: =IF('RPT2'!$J12="","",'RPT2'!$J12) | M12: =IF('RPT3'!$J12="","",'RPT3'!$J12)
A13: RPT Model Year 3 | C13: =IF(Combine="Y", $G13, 0) | G13: =IF($K13="[blank]", "[blank]", IF(AND( IF($L13="[blank]",TRUE,$K13=$L13), IF($M13="[blank]",TRUE,$K13=$M13)), $K13, "Combined RPT")) | K13: =IF('RPT1'!$J13="","",'RPT1'!$J13) | L13: =IF('RPT2'!$J13="","",'RPT2'!$J13) | M13: =IF('RPT3'!$J13="","",'RPT3'!$J13)
A14: RPT Model Year 4 | C14: =IF(Combine="Y", $G14, 0) | G14: =IF($K14="[blank]", "[blank]", IF(AND( IF($L14="[blank]",TRUE,$K14=$L14), IF($M14="[blank]",TRUE,$K14=$M14)), $K14, "Combined RPT")) | K14: =IF('RPT1'!$J14="","",'RPT1'!$J14) | L14: =IF('RPT2'!$J14="","",'RPT2'!$J14) | M14: =IF('RPT3'!$J14="","",'RPT3'!$J14)
A15: RPT Model Year 5 | C15: =IF(Combine="Y", $G15, 0) | G15: =IF($K15="[blank]", "[blank]", IF(AND( IF($L15="[blank]",TRUE,$K15=$L15), IF($M15="[blank]",TRUE,$K15=$M15)), $K15, "Combined RPT")) | K15: =IF('RPT1'!$J15="","",'RPT1'!$J15) | L15: =IF('RPT2'!$J15="","",'RPT2'!$J15) | M15: =IF('RPT3'!$J15="","",'RPT3'!$J15)
A16: Base Start Date | C16: =IF(Combine="Y", $G16, 0) | G16: =IF($K16="[blank]", "[blank]", IF(AND( IF($L16="[blank]",TRUE,$K16=$L16), IF($M16="[blank]",TRUE,$K16=$M16)), $K16, "Combined RPT")) | K16: =IF('RPT1'!$J16="","",'RPT1'!$J16) | L16: =IF('RPT2'!$J16="","",'RPT2'!$J16) | M16: =IF('RPT3'!$J16="","",'RPT3'!$J16)
A17: Base End Date | C17: =IF(Combine="Y", $G17, 0) | G17: =IF($K17="[blank]", "[blank]", IF(AND( IF($L17="[blank]",TRUE,$K17=$L17), IF($M17="[blank]",TRUE,$K17=$M17)), $K17, "Combined RPT")) | K17: =IF('RPT1'!$J17="","",'RPT1'!$J17) | L17: =IF('RPT2'!$J17="","",'RPT2'!$J17) | M17: =IF('RPT3'!$J17="","",'RPT3'!$J17)
A18: Client Name | C18: =IF(Combine="Y", $G18, 0) | G18: =IF($K18="[blank]", "[blank]", IF(AND( IF($L18="[blank]",TRUE,$K18=$L18), IF($M18="[blank]",TRUE,$K18=$M18)), $K18, "Combined RPT")) | K18: =IF('RPT1'!$J18="","",'RPT1'!$J18) | L18: =IF('RPT2'!$J18="","",'RPT2'!$J18) | M18: =IF('RPT3'!$J18="","",'RPT3'!$J18)
A19: Line of Business | C19: =IF(Combine="Y", $G19, 0) | G19: =IF($K19="[blank]", "[blank]", IF(AND( IF($L19="[blank]",TRUE,$K19=$L19), IF($M19="[blank]",TRUE,$K19=$M19)), $K19, "Combined RPT")) | K19: =IF('RPT1'!$J19="","",'RPT1'!$J19) | L19: =IF('RPT2'!$J19="","",'RPT2'!$J19) | M19: =IF('RPT3'!$J19="","",'RPT3'!$J19)
A20: Formulary | C20: =IF(Combine="Y", $G20, 0) | G20: =IF($K20="[blank]", "[blank]", IF(AND( IF($L20="[blank]",TRUE,$K20=$L20), IF($M20="[blank]",TRUE,$K20=$M20)), $K20, "Combined RPT")) | K20: =IF('RPT1'!$J20="","",'RPT1'!$J20) | L20: =IF('RPT2'!$J20="","",'RPT2'!$J20) | M20: =IF('RPT3'!$J20="","",'RPT3'!$J20)
A21: Exclusions | C21: =IF(Combine="Y", $G21, 0) | G21: =IF($K21="[blank]", "[blank]", IF(AND( IF($L21="[blank]",TRUE,$K21=$L21), IF($M21="[blank]",TRUE,$K21=$M21)), $K21, "Combined RPT")) | K21: =IF('RPT1'!$J21="","",'RPT1'!$J21) | L21: =IF('RPT2'!$J21="","",'RPT2'!$J21) | M21: =IF('RPT3'!$J21="","",'RPT3'!$J21)
... A51: Data Filters | C51: =IF(Combine="Y", $G51, 0) | G51: =IF($K51="[blank]", "[blank]", IF(AND( IF($L51="[blank]",TRUE,$K51=$L51), IF($M51="[blank]",TRUE,$K51=$M51)), $K51, "Combined RPT")) | K51: =IF('RPT1'!$J51="","",'RPT1'!$J51) | L51: =IF('RPT2'!$J51="","",'RPT2'!$J51) | M51: =IF('RPT3'!$J51="","",'RPT3'!$J51)
A52: Mail 30 DS Script Distribution | C52: =IF(Combine="Y", $G52, 0) | G52: =IF(G122=0, 0, SUMPRODUCT($K122:$M122,$K52:$M52) / G122) | K52: =IF('RPT1'!$J52="","",'RPT1'!$J52) | L52: =IF('RPT2'!$J52="","",'RPT2'!$J52) | M52: =IF('RPT3'!$J52="","",'RPT3'!$J52)
A53: Mail 30 DS Rebate Distribution | C53: =IF(Combine="Y", $G53, 0) | G53: =IF($K53="[blank]", "[blank]", IF(AND( IF($L53="[blank]",TRUE,$K53=$L53), IF($M53="[blank]",TRUE,$K53=$M53)), $K53, "Combined RPT")) | K53: =IF('RPT1'!$J53="","",'RPT1'!$J53) | L53: =IF('RPT2'!$J53="","",'RPT2'!$J53) | M53: =IF('RPT3'!$J53="","",'RPT3'!$J53)
A54: B/G Selected URL | C54: =IF(Combine="Y", $G54, 0) | G54: =IF($K54="[blank]", "[blank]", IF(AND( IF($L54="[blank]",TRUE,$K54=$L54), IF($M54="[blank]",TRUE,$K54=$M54)), $K54, "Combined RPT")) | K54: =IF('RPT1'!$J54="","",'RPT1'!$J54) | L54: =IF('RPT2'!$J54="","",'RPT2'!$J54) | M54: =IF('RPT3'!$J54="","",'RPT3'!$J54)
A55: oGLP-1 Scenario for New Coverage | C55: =IF(Combine="Y", $G55, 0) | G55: =IF($K55="[blank]", "[blank]", IF(AND( IF($L55="[blank]",TRUE,$K55=$L55), IF($M55="[blank]",TRUE,$K55=$M55)), $K55, "Combined RPT")) | K55: =IF('RPT1'!$J55="","",'RPT1'!$J55) | L55: =IF('RPT2'!$J55="","",'RPT2'!$J55) | M55: =IF('RPT3'!$J55="","",'RPT3'!$J55)
A56: [Placeholder] | C56: =IF(Combine="Y", $G56, 0) | G56: =IF($K56="[blank]", "[blank]", IF(AND( IF($L56="[blank]",TRUE,$K56=$L56), IF($M56="[blank]",TRUE,$K56=$M56)), $K56, "Combined RPT")) | K56: =IF('RPT1'!$J56="","",'RPT1'!$J56) | L56: =IF('RPT2'!$J56="","",'RPT2'!$J56) | M56: =IF('RPT3'!$J56="","",'RPT3'!$J56)
A57: [Placeholder] | C57: =IF(Combine="Y", $G57, 0) | G57: =IF($K57="[blank]", "[blank]", IF(AND( IF($L57="[blank]",TRUE,$K57=$L57), IF($M57="[blank]",TRUE,$K57=$M57)), $K57, "Combined RPT")) | K57: =IF('RPT1'!$J57="","",'RPT1'!$J57) | L57: =IF('RPT2'!$J57="","",'RPT2'!$J57) | M57: =IF('RPT3'!$J57="","",'RPT3'!$J57)
A58: Specialty List | C58: =IF(Combine="Y", $G58, 0) | G58: =IF($K58="[blank]", "[blank]", IF(AND( IF($L58="[blank]",TRUE,$K58=$L58), IF($M58="[blank]",TRUE,$K58=$M58)), $K58, "Combined RPT")) | K58: =IF('RPT1'!$J58="","",'RPT1'!$J58) | L58: =IF('RPT2'!$J58="","",'RPT2'!$J58) | M58: =IF('RPT3'!$J58="","",'RPT3'!$J58)
A59: B/G Definition | C59: =IF(Combine="Y", $G59, 0) | G59: =IF($K59="[blank]", "[blank]", IF(AND( IF($L59="[blank]",TRUE,$K59=$L59), IF($M59="[blank]",TRUE,$K59=$M59)), $K59, "Combined RPT")) | K59: =IF('RPT1'!$J59="","",'RPT1'!$J59) | L59: =IF('RPT2'!$J59="","",'RPT2'!$J59) | M59: =IF('RPT3'!$J59="","",'RPT3'!$J59)
A60: Lift Type | C60: =IF(Combine="Y", $G60, 0) | G60: =IF($K60="[blank]", "[blank]", IF(AND( IF($L60="[blank]",TRUE,$K60=$L60), IF($M60="[blank]",TRUE,$K60=$M60)), $K60, "Combined RPT")) | K60: =IF('RPT1'!$J60="","",'RPT1'!$J60) | L60: =IF('RPT2'!$J60="","",'RPT2'!$J60) | M60: =IF('RPT3'!$J60="","",'RPT3'!$J60)
A61: Shifting | C61: =IF(Combine="Y", $G61, 0) | G61: =IF($K61="[blank]", "[blank]", IF(AND( IF($L61="[blank]",TRUE,$K61=$L61), IF($M61="[blank]",TRUE,$K61=$M61)), $K61, "Combined RPT")) | K61: =IF('RPT1'!$J61="","",'RPT1'!$J61) | L61: =IF('RPT2'!$J61="","",'RPT2'!$J61) | M61: =IF('RPT3'!$J61="","",'RPT3'!$J61)
A62: Patent List | C62: =IF(Combine="Y", $G62, 0) | G62: =IF($K62="[blank]", "[blank]", IF(AND( IF($L62="[blank]",TRUE,$K62=$L62), IF($M62="[blank]",TRUE,$K62=$M62)), $K62, "Combined RPT")) | K62: =IF('RPT1'!$J62="","",'RPT1'!$J62) | L62: =IF('RPT2'!$J62="","",'RPT2'!$J62) | M62: =IF('RPT3'!$J62="","",'RPT3'!$J62)
A63: Rebate Credit | C63: =IF(Combine="Y", $G63, 0) | G63: =IF($K63="[blank]", "[blank]", IF(AND( IF($L63="[blank]",TRUE,$K63=$L63), IF($M63="[blank]",TRUE,$K63=$M63)), $K63, "Combined RPT")) | K63: =IF('RPT1'!$J63="","",'RPT1'!$J63) | L63: =IF('RPT2'!$J63="","",'RPT2'!$J63) | M63: =IF('RPT3'!$J63="","",'RPT3'!$J63)
A64: Continuation of Therapy - Non-Specialty - Applied | C64: =IF(Combine="Y", $G64, 0) | G64: =IF($K64="[blank]", "[blank]", IF(AND( IF($L64="[blank]",TRUE,$K64=$L64), IF($M64="[blank]",TRUE,$K64=$M64)), $K64, "Combined RPT")) | K64: =IF('RPT1'!$J64="","",'RPT1'!$J64) | L64: =IF('RPT2'!$J64="","",'RPT2'!$J64) | M64: =IF('RPT3'!$J64="","",'RPT3'!$J64)
... A77: [Placeholder] | C77: =IF(Combine="Y", $G77, 0) | G77: =IF($K77="[blank]", "[blank]", IF(AND( IF($L77="[blank]",TRUE,$K77=$L77), IF($M77="[blank]",TRUE,$K77=$M77)), $K77, "Combined RPT")) | K77: =IF('RPT1'!$J77="","",'RPT1'!$J77) | L77: =IF('RPT2'!$J77="","",'RPT2'!$J77) | M77: =IF('RPT3'!$J77="","",'RPT3'!$J77)
A79: Projected Scripts - w/o Exclusions | K79: =IF('RPT1'!$J79="","",'RPT1'!$J79) | L79: =IF('RPT2'!$J79="","",'RPT2'!$J79) | M79: =IF('RPT3'!$J79="","",'RPT3'!$J79)
A80: Projected Scripts - w/o Exclusions - Mail - Brand - Year 1 | C80: =IF(Combine="Y", $G80, 0) | G80: =SUM($K80:$M80) | K80: =IF('RPT1'!$J80="","",'RPT1'!$J80) | L80: =IF('RPT2'!$J80="","",'RPT2'!$J80) | M80: =IF('RPT3'!$J80="","",'RPT3'!$J80)
A81: Projected Scripts - w/o Exclusions - Mail - Brand - Year 2 | C81: =IF(Combine="Y", $G81, 0) | G81: =SUM($K81:$M81) | K81: =IF('RPT1'!$J81="","",'RPT1'!$J81) | L81: =IF('RPT2'!$J81="","",'RPT2'!$J81) | M81: =IF('RPT3'!$J81="","",'RPT3'!$J81)
A82: Projected Scripts - w/o Exclusions - Mail - Brand - Year 3 | C82: =IF(Combine="Y", $G82, 0) | G82: =SUM($K82:$M82) | K82: =IF('RPT1'!$J82="","",'RPT1'!$J82) | L82: =IF('RPT2'!$J82="","",'RPT2'!$J82) | M82: =IF('RPT3'!$J82="","",'RPT3'!$J82)
A83: Projected Scripts - w/o Exclusions - Mail - Brand - Year 4 | C83: =IF(Combine="Y", $G83, 0) | G83: =SUM($K83:$M83) | K83: =IF('RPT1'!$J83="","",'RPT1'!$J83) | L83: =IF('RPT2'!$J83="","",'RPT2'!$J83) | M83: =IF('RPT3'!$J83="","",'RPT3'!$J83)
A84: Projected Scripts - w/o Exclusions - Mail - Brand - Year 5 | C84: =IF(Combine="Y", $G84, 0) | G84: =SUM($K84:$M84) | K84: =IF('RPT1'!$J84="","",'RPT1'!$J84) | L84: =IF('RPT2'!$J84="","",'RPT2'!$J84) | M84: =IF('RPT3'!$J84="","",'RPT3'!$J84)
A85: Projected Scripts - w/o Exclusions - Mail - Generic - Year 1 | C85: =IF(Combine="Y", $G85, 0) | G85: =SUM($K85:$M85) | K85: =IF('RPT1'!$J85="","",'RPT1'!$J85) | L85: =IF('RPT2'!$J85="","",'RPT2'!$J85) | M85: =IF('RPT3'!$J85="","",'RPT3'!$J85)
A86: Projected Scripts - w/o Exclusions - Mail - Generic - Year 2 | C86: =IF(Combine="Y", $G86, 0) | G86: =SUM($K86:$M86) | K86: =IF('RPT1'!$J86="","",'RPT1'!$J86) | L86: =IF('RPT2'!$J86="","",'RPT2'!$J86) | M86: =IF('RPT3'!$J86="","",'RPT3'!$J86)
A87: Projected Scripts - w/o Exclusions - Mail - Generic - Year 3 | C87: =IF(Combine="Y", $G87, 0) | G87: =SUM($K87:$M87) | K87: =IF('RPT1'!$J87="","",'RPT1'!$J87) | L87: =IF('RPT2'!$J87="","",'RPT2'!$J87) | M87: =IF('RPT3'!$J87="","",'RPT3'!$J87)
A88: Projected Scripts - w/o Exclusions - Mail - Generic - Year 4 | C88: =IF(Combine="Y", $G88, 0) | G88: =SUM($K88:$M88) | K88: =IF('RPT1'!$J88="","",'RPT1'!$J88) | L88: =IF('RPT2'!$J88="","",'RPT2'!$J88) | M88: =IF('RPT3'!$J88="","",'RPT3'!$J88)
A89: Projected Scripts - w/o Exclusions - Mail - Generic - Year 5 | C89: =IF(Combine="Y", $G89, 0) | G89: =SUM($K89:$M89) | K89: =IF('RPT1'!$J89="","",'RPT1'!$J89) | L89: =IF('RPT2'!$J89="","",'RPT2'!$J89) | M89: =IF('RPT3'!$J89="","",'RPT3'!$J89)
A90: Projected Scripts - w/o Exclusions - Retail 30 - Brand - Year 1 | C90: =IF(Combine="Y", $G90, 0) | G90: =SUM($K90:$M90) | K90: =IF('RPT1'!$J90="","",'RPT1'!$J90) | L90: =IF('RPT2'!$J90="","",'RPT2'!$J90) | M90: =IF('RPT3'!$J90="","",'RPT3'!$J90)
A91: Projected Scripts - w/o Exclusions - Retail 30 - Brand - Year 2 | C91: =IF(Combine="Y", $G91, 0) | G91: =SUM($K91:$M91) | K91: =IF('RPT1'!$J91="","",'RPT1'!$J91) | L91: =IF('RPT2'!$J91="","",'RPT2'!$J91) | M91: =IF('RPT3'!$J91="","",'RPT3'!$J91)
... A119: Projected Scripts - w/o Exclusions - Specialty - Generic - Year 5 | C119: =IF(Combine="Y", $G119, 0) | G119: =SUM($K119:$M119) | K119: =IF('RPT1'!$J119="","",'RPT1'!$J119) | L119: =IF('RPT2'!$J119="","",'RPT2'!$J119) | M119: =IF('RPT3'!$J119="","",'RPT3'!$J119)
A121: Projected Scripts - w/ Exclusions | K121: =IF('RPT1'!$J121="","",'RPT1'!$J121) | L121: =IF('RPT2'!$J121="","",'RPT2'!$J121) | M121: =IF('RPT3'!$J121="","",'RPT3'!$J121)
A122: Projected Scripts - w/ Exclusions - Mail - Brand - Year 1 | C122: =IF(Combine="Y", $G122, 0) | G122: =SUM($K122:$M122) | K122: =IF('RPT1'!$J122="","",'RPT1'!$J122) | L122: =IF('RPT2'!$J122="","",'RPT2'!$J122) | M122: =IF('RPT3'!$J122="","",'RPT3'!$J122)
A123: Projected Scripts - w/ Exclusions - Mail - Brand - Year 2 | C123: =IF(Combine="Y", $G123, 0) | G123: =SUM($K123:$M123) | K123: =IF('RPT1'!$J123="","",'RPT1'!$J123) | L123: =IF('RPT2'!$J123="","",'RPT2'!$J123) | M123: =IF('RPT3'!$J123="","",'RPT3'!$J123)
A124: Projected Scripts - w/ Exclusions - Mail - Brand - Year 3 | C124: =IF(Combine="Y", $G124, 0) | G124: =SUM($K124:$M124) | K124: =IF('RPT1'!$J124="","",'RPT1'!$J124) | L124: =IF('RPT2'!$J124="","",'RPT2'!$J124) | M124: =IF('RPT3'!$J124="","",'RPT3'!$J124)
A125: Projected Scripts - w/ Exclusions - Mail - Brand - Year 4 | C125: =IF(Combine="Y", $G125, 0) | G125: =SUM($K125:$M125) | K125: =IF('RPT1'!$J125="","",'RPT1'!$J125) | L125: =IF('RPT2'!$J125="","",'RPT2'!$J125) | M125: =IF('RPT3'!$J125="","",'RPT3'!$J125)
A126: Projected Scripts - w/ Exclusions - Mail - Brand - Year 5 | C126: =IF(Combine="Y", $G126, 0) | G126: =SUM($K126:$M126) | K126: =IF('RPT1'!$J126="","",'RPT1'!$J126) | L126: =IF('RPT2'!$J126="","",'RPT2'!$J126) | M126: =IF('RPT3'!$J126="","",'RPT3'!$J126)
A127: Projected Scripts - w/ Exclusions - Mail - Generic - Year 1 | C127: =IF(Combine="Y", $G127, 0) | G127: =SUM($K127:$M127) | K127: =IF('RPT1'!$J127="","",'RPT1'!$J127) | L127: =IF('RPT2'!$J127="","",'RPT2'!$J127) | M127: =IF('RPT3'!$J127="","",'RPT3'!$J127)
A128: Projected Scripts - w/ Exclusions - Mail - Generic - Year 2 | C128: =IF(Combine="Y", $G128, 0) | G128: =SUM($K128:$M128) | K128: =IF('RPT1'!$J128="","",'RPT1'!$J128) | L128: =IF('RPT2'!$J128="","",'RPT2'!$J128) | M128: =IF('RPT3'!$J128="","",'RPT3'!$J128)
A129: Projected Scripts - w/ Exclusions - Mail - Generic - Year 3 | C129: =IF(Combine="Y", $G129, 0) | G129: =SUM($K129:$M129) | K129: =IF('RPT1'!$J129="","",'RPT1'!$J129) | L129: =IF('RPT2'!$J129="","",'RPT2'!$J129) | M129: =IF('RPT3'!$J129="","",'RPT3'!$J129)
A130: Projected Scripts - w/ Exclusions - Mail - Generic - Year 4 | C130: =IF(Combine="Y", $G130, 0) | G130: =SUM($K130:$M130) | K130: =IF('RPT1'!$J130="","",'RPT1'!$J130) | L130: =IF('RPT2'!$J130="","",'RPT2'!$J130) | M130: =IF('RPT3'!$J130="","",'RPT3'!$J130)
A131: Projected Scripts - w/ Exclusions - Mail - Generic - Year 5 | C131: =IF(Combine="Y", $G131, 0) | G131: =SUM($K131:$M131) | K131: =IF('RPT1'!$J131="","",'RPT1'!$J131) | L131: =IF('RPT2'!$J131="","",'RPT2'!$J131) | M131: =IF('RPT3'!$J131="","",'RPT3'!$J131)
A132: Projected Scripts - w/ Exclusions - Retail 30 - Brand - Year 1 | C132: =IF(Combine="Y", $G132, 0) | G132: =SUM($K132:$M132) | K132: =IF('RPT1'!$J132="","",'RPT1'!$J132) | L132: =IF('RPT2'!$J132="","",'RPT2'!$J132) | M132: =IF('RPT3'!$J132="","",'RPT3'!$J132)
A133: Projected Scripts - w/ Exclusions - Retail 30 - Brand - Year 2 | C133: =IF(Combine="Y", $G133, 0) | G133: =SUM($K133:$M133) | K133: =IF('RPT1'!$J133="","",'RPT1'!$J133) | L133: =IF('RPT2'!$J133="","",'RPT2'!$J133) | M133: =IF('RPT3'!$J133="","",'RPT3'!$J133)
... A161: Projected Scripts - w/ Exclusions - Specialty - Generic - Year 5 | C161: =IF(Combine="Y", $G161, 0) | G161: =SUM($K161:$M161) | K161: =IF('RPT1'!$J161="","",'RPT1'!$J161) | L161: =IF('RPT2'!$J161="","",'RPT2'!$J161) | M161: =IF('RPT3'!$J161="","",'RPT3'!$J161)
A163: Projected AWP / Rx - w/o Exclusions | K163: =IF('RPT1'!$J163="","",'RPT1'!$J163) | L163: =IF('RPT2'!$J163="","",'RPT2'!$J163) | M163: =IF('RPT3'!$J163="","",'RPT3'!$J163)
A164: Projected AWP / Rx - w/o Exclusions - Mail - Brand - Year 1 | C164: =IF(Combine="Y", $G164, 0) | G164: =IF(G80=0,0,SUMPRODUCT($K80:$M80,$K164:$M164)/G80) | K164: =IF('RPT1'!$J164="","",'RPT1'!$J164) | L164: =IF('RPT2'!$J164="","",'RPT2'!$J164) | M164: =IF('RPT3'!$J164="","",'RPT3'!$J164)
A165: Projected AWP / Rx - w/o Exclusions - Mail - Brand - Year 2 | C165: =IF(Combine="Y", $G165, 0) | G165: =IF(G81=0,0,SUMPRODUCT($K81:$M81,$K165:$M165)/G81) | K165: =IF('RPT1'!$J165="","",'RPT1'!$J165) | L165: =IF('RPT2'!$J165="","",'RPT2'!$J165) | M165: =IF('RPT3'!$J165="","",'RPT3'!$J165)
A166: Projected AWP / Rx - w/o Exclusions - Mail - Brand - Year 3 | C166: =IF(Combine="Y", $G166, 0) | G166: =IF(G82=0,0,SUMPRODUCT($K82:$M82,$K166:$M166)/G82) | K166: =IF('RPT1'!$J166="","",'RPT1'!$J166) | L166: =IF('RPT2'!$J166="","",'RPT2'!$J166) | M166: =IF('RPT3'!$J166="","",'RPT3'!$J166)
A167: Projected AWP / Rx - w/o Exclusions - Mail - Brand - Year 4 | C167: =IF(Combine="Y", $G167, 0) | G167: =IF(G83=0,0,SUMPRODUCT($K83:$M83,$K167:$M167)/G83) | K167: =IF('RPT1'!$J167="","",'RPT1'!$J167) | L167: =IF('RPT2'!$J167="","",'RPT2'!$J167) | M167: =IF('RPT3'!$J167="","",'RPT3'!$J167)
A168: Projected AWP / Rx - w/o Exclusions - Mail - Brand - Year 5 | C168: =IF(Combine="Y", $G168, 0) | G168: =IF(G84=0,0,SUMPRODUCT($K84:$M84,$K168:$M168)/G84) | K168: =IF('RPT1'!$J168="","",'RPT1'!$J168) | L168: =IF('RPT2'!$J168="","",'RPT2'!$J168) | M168: =IF('RPT3'!$J168="","",'RPT3'!$J168)
A169: Projected AWP / Rx - w/o Exclusions - Mail - Generic - Year 1 | C169: =IF(Combine="Y", $G169, 0) | G169: =IF(G85=0,0,SUMPRODUCT($K85:$M85,$K169:$M169)/G85) | K169: =IF('RPT1'!$J169="","",'RPT1'!$J169) | L169: =IF('RPT2'!$J169="","",'RPT2'!$J169) | M169: =IF('RPT3'!$J169="","",'RPT3'!$J169)
A170: Projected AWP / Rx - w/o Exclusions - Mail - Generic - Year 2 | C170: =IF(Combine="Y", $G170, 0) | G170: =IF(G86=0,0,SUMPRODUCT($K86:$M86,$K170:$M170)/G86) | K170: =IF('RPT1'!$J170="","",'RPT1'!$J170) | L170: =IF('RPT2'!$J170="","",'RPT2'!$J170) | M170: =IF('RPT3'!$J170="","",'RPT3'!$J170)
A171: Projected AWP / Rx - w/o Exclusions - Mail - Generic - Year 3 | C171: =IF(Combine="Y", $G171, 0) | G171: =IF(G87=0,0,SUMPRODUCT($K87:$M87,$K171:$M171)/G87) | K171: =IF('RPT1'!$J171="","",'RPT1'!$J171) | L171: =IF('RPT2'!$J171="","",'RPT2'!$J171) | M171: =IF('RPT3'!$J171="","",'RPT3'!$J171)
A172: Projected AWP / Rx - w/o Exclusions - Mail - Generic - Year 4 | C172: =IF(Combine="Y", $G172, 0) | G172: =IF(G88=0,0,SUMPRODUCT($K88:$M88,$K172:$M172)/G88) | K172: =IF('RPT1'!$J172="","",'RPT1'!$J172) | L172: =IF('RPT2'!$J172="","",'RPT2'!$J172) | M172: =IF('RPT3'!$J172="","",'RPT3'!$J172)
A173: Projected AWP / Rx - w/o Exclusions - Mail - Generic - Year 5 | C173: =IF(Combine="Y", $G173, 0) | G173: =IF(G89=0,0,SUMPRODUCT($K89:$M89,$K173:$M173)/G89) | K173: =IF('RPT1'!$J173="","",'RPT1'!$J173) | L173: =IF('RPT2'!$J173="","",'RPT2'!$J173) | M173: =IF('RPT3'!$J173="","",'RPT3'!$J173)
A174: Projected AWP / Rx - w/o Exclusions - Retail 30 - Brand - Year 1 | C174: =IF(Combine="Y", $G174, 0) | G174: =IF(G90=0,0,SUMPRODUCT($K90:$M90,$K174:$M174)/G90) | K174: =IF('RPT1'!$J174="","",'RPT1'!$J174) | L174: =IF('RPT2'!$J174="","",'RPT2'!$J174) | M174: =IF('RPT3'!$J174="","",'RPT3'!$J174)
A175: Projected AWP / Rx - w/o Exclusions - Retail 30 - Brand - Year 2 | C175: =IF(Combine="Y", $G175, 0) | G175: =IF(G91=0,0,SUMPRODUCT($K91:$M91,$K175:$M175)/G91) | K175: =IF('RPT1'!$J175="","",'RPT1'!$J175) | L175: =IF('RPT2'!$J175="","",'RPT2'!$J175) | M175: =IF('RPT3'!$J175="","",'RPT3'!$J175)
... A203: Projected AWP / Rx - w/o Exclusions - Specialty - Generic - Year 5 | C203: =IF(Combine="Y", $G203, 0) | G203: =IF(G119=0,0,SUMPRODUCT($K119:$M119,$K203:$M203)/G119) | K203: =IF('RPT1'!$J203="","",'RPT1'!$J203) | L203: =IF('RPT2'!$J203="","",'RPT2'!$J203) | M203: =IF('RPT3'!$J203="","",'RPT3'!$J203)
A205: Projected AWP / Rx - w/ Exclusions | K205: =IF('RPT1'!$J205="","",'RPT1'!$J205) | L205: =IF('RPT2'!$J205="","",'RPT2'!$J205) | M205: =IF('RPT3'!$J205="","",'RPT3'!$J205)
A206: Projected AWP / Rx - w/ Exclusions - Mail - Brand - Year 1 | C206: =IF(Combine="Y", $G206, 0) | G206: =IF(G122=0,0,SUMPRODUCT($K122:$M122,$K206:$M206)/G122) | K206: =IF('RPT1'!$J206="","",'RPT1'!$J206) | L206: =IF('RPT2'!$J206="","",'RPT2'!$J206) | M206: =IF('RPT3'!$J206="","",'RPT3'!$J206)
A207: Projected AWP / Rx - w/ Exclusions - Mail - Brand - Year 2 | C207: =IF(Combine="Y", $G207, 0) | G207: =IF(G123=0,0,SUMPRODUCT($K123:$M123,$K207:$M207)/G123) | K207: =IF('RPT1'!$J207="","",'RPT1'!$J207) | L207: =IF('RPT2'!$J207="","",'RPT2'!$J207) | M207: =IF('RPT3'!$J207="","",'RPT3'!$J207)
A208: Projected AWP / Rx - w/ Exclusions - Mail - Brand - Year 3 | C208: =IF(Combine="Y", $G208, 0) | G208: =IF(G124=0,0,SUMPRODUCT($K124:$M124,$K208:$M208)/G124) | K208: =IF('RPT1'!$J208="","",'RPT1'!$J208) | L208: =IF('RPT2'!$J208="","",'RPT2'!$J208) | M208: =IF('RPT3'!$J208="","",'RPT3'!$J208)
A209: Projected AWP / Rx - w/ Exclusions - Mail - Brand - Year 4 | C209: =IF(Combine="Y", $G209, 0) | G209: =IF(G125=0,0,SUMPRODUCT($K125:$M125,$K209:$M209)/G125) | K209: =IF('RPT1'!$J209="","",'RPT1'!$J209) | L209: =IF('RPT2'!$J209="","",'RPT2'!$J209) | M209: =IF('RPT3'!$J209="","",'RPT3'!$J209)
A210: Projected AWP / Rx - w/ Exclusions - Mail - Brand - Year 5 | C210: =IF(Combine="Y", $G210, 0) | G210: =IF(G126=0,0,SUMPRODUCT($K126:$M126,$K210:$M210)/G126) | K210: =IF('RPT1'!$J210="","",'RPT1'!$J210) | L210: =IF('RPT2'!$J210="","",'RPT2'!$J210) | M210: =IF('RPT3'!$J210="","",'RPT3'!$J210)
A211: Projected AWP / Rx - w/ Exclusions - Mail - Generic - Year 1 | C211: =IF(Combine="Y", $G211, 0) | G211: =IF(G127=0,0,SUMPRODUCT($K127:$M127,$K211:$M211)/G127) | K211: =IF('RPT1'!$J211="","",'RPT1'!$J211) | L211: =IF('RPT2'!$J211="","",'RPT2'!$J211) | M211: =IF('RPT3'!$J211="","",'RPT3'!$J211)
A212: Projected AWP / Rx - w/ Exclusions - Mail - Generic - Year 2 | C212: =IF(Combine="Y", $G212, 0) | G212: =IF(G128=0,0,SUMPRODUCT($K128:$M128,$K212:$M212)/G128) | K212: =IF('RPT1'!$J212="","",'RPT1'!$J212) | L212: =IF('RPT2'!$J212="","",'RPT2'!$J212) | M212: =IF('RPT3'!$J212="","",'RPT3'!$J212)
A213: Projected AWP / Rx - w/ Exclusions - Mail - Generic - Year 3 | C213: =IF(Combine="Y", $G213, 0) | G213: =IF(G129=0,0,SUMPRODUCT($K129:$M129,$K213:$M213)/G129) | K213: =IF('RPT1'!$J213="","",'RPT1'!$J213) | L213: =IF('RPT2'!$J213="","",'RPT2'!$J213) | M213: =IF('RPT3'!$J213="","",'RPT3'!$J213)
A214: Projected AWP / Rx - w/ Exclusions - Mail - Generic - Year 4 | C214: =IF(Combine="Y", $G214, 0) | G214: =IF(G130=0,0,SUMPRODUCT($K130:$M130,$K214:$M214)/G130) | K214: =IF('RPT1'!$J214="","",'RPT1'!$J214) | L214: =IF('RPT2'!$J214="","",'RPT2'!$J214) | M214: =IF('RPT3'!$J214="","",'RPT3'!$J214)
A215: Projected AWP / Rx - w/ Exclusions - Mail - Generic - Year 5 | C215: =IF(Combine="Y", $G215, 0) | G215: =IF(G131=0,0,SUMPRODUCT($K131:$M131,$K215:$M215)/G131) | K215: =IF('RPT1'!$J215="","",'RPT1'!$J215) | L215: =IF('RPT2'!$J215="","",'RPT2'!$J215) | M215: =IF('RPT3'!$J215="","",'RPT3'!$J215)
A216: Projected AWP / Rx - w/ Exclusions - Retail 30 - Brand - Year 1 | C216: =IF(Combine="Y", $G216, 0) | G216: =IF(G132=0,0,SUMPRODUCT($K132:$M132,$K216:$M216)/G132) | K216: =IF('RPT1'!$J216="","",'RPT1'!$J216) | L216: =IF('RPT2'!$J216="","",'RPT2'!$J216) | M216: =IF('RPT3'!$J216="","",'RPT3'!$J216)
A217: Projected AWP / Rx - w/ Exclusions - Retail 30 - Brand - Year 2 | C217: =IF(Combine="Y", $G217, 0) | G217: =IF(G133=0,0,SUMPRODUCT($K133:$M133,$K217:$M217)/G133) | K217: =IF('RPT1'!$J217="","",'RPT1'!$J217) | L217: =IF('RPT2'!$J217="","",'RPT2'!$J217) | M217: =IF('RPT3'!$J217="","",'RPT3'!$J217)
... A245: Projected AWP / Rx - w/ Exclusions - Specialty - Generic - Year 5 | C245: =IF(Combine="Y", $G245, 0) | G245: =IF(G161=0,0,SUMPRODUCT($K161:$M161,$K245:$M245)/G161) | K245: =IF('RPT1'!$J245="","",'RPT1'!$J245) | L245: =IF('RPT2'!$J245="","",'RPT2'!$J245) | M245: =IF('RPT3'!$J245="","",'RPT3'!$J245)
A247: Base Scripts - w/o Exclusions | K247: =IF('RPT1'!$J247="","",'RPT1'!$J247) | L247: =IF('RPT2'!$J247="","",'RPT2'!$J247) | M247: =IF('RPT3'!$J247="","",'RPT3'!$J247)
A248: Base Scripts - w/o Exclusions - Mail - Brand - Base - Maintenance | C248: =IF(Combine="Y", $G248, 0) | G248: =SUM($K248:$M248) | K248: =IF('RPT1'!$J248="","",'RPT1'!$J248) | L248: =IF('RPT2'!$J248="","",'RPT2'!$J248) | M248: =IF('RPT3'!$J248="","",'RPT3'!$J248)
A249: Base Scripts - w/o Exclusions - Mail - Generic - Base - Maintenance | C249: =IF(Combine="Y", $G249, 0) | G249: =SUM($K249:$M249) | K249: =IF('RPT1'!$J249="","",'RPT1'!$J249) | L249: =IF('RPT2'!$J249="","",'RPT2'!$J249) | M249: =IF('RPT3'!$J249="","",'RPT3'!$J249)
A250: Base Scripts - w/o Exclusions - Retail 30 - Brand - Base - Maintenance | C250: =IF(Combine="Y", $G250, 0) | G250: =SUM($K250:$M250) | K250: =IF('RPT1'!$J250="","",'RPT1'!$J250) | L250: =IF('RPT2'!$J250="","",'RPT2'!$J250) | M250: =IF('RPT3'!$J250="","",'RPT3'!$J250)
A251: Base Scripts - w/o Exclusions - Retail 30 - Generic - Base - Maintenance | C251: =IF(Combine="Y", $G251, 0) | G251: =SUM($K251:$M251) | K251: =IF('RPT1'!$J251="","",'RPT1'!$J251) | L251: =IF('RPT2'!$J251="","",'RPT2'!$J251) | M251: =IF('RPT3'!$J251="","",'RPT3'!$J251)
A252: Base Scripts - w/o Exclusions - Retail 90 - Brand - Base - Maintenance | C252: =IF(Combine="Y", $G252, 0) | G252: =SUM($K252:$M252) | K252: =IF('RPT1'!$J252="","",'RPT1'!$J252) | L252: =IF('RPT2'!$J252="","",'RPT2'!$J252) | M252: =IF('RPT3'!$J252="","",'RPT3'!$J252)
A253: Base Scripts - w/o Exclusions - Retail 90 - Generic - Base - Maintenance | C253: =IF(Combine="Y", $G253, 0) | G253: =SUM($K253:$M253) | K253: =IF('RPT1'!$J253="","",'RPT1'!$J253) | L253: =IF('RPT2'!$J253="","",'RPT2'!$J253) | M253: =IF('RPT3'!$J253="","",'RPT3'!$J253)
A254: Base Scripts - w/o Exclusions - Specialty - Brand - Base - Maintenance | C254: =IF(Combine="Y", $G254, 0) | G254: =SUM($K254:$M254) | K254: =IF('RPT1'!$J254="","",'RPT1'!$J254) | L254: =IF('RPT2'!$J254="","",'RPT2'!$J254) | M254: =IF('RPT3'!$J254="","",'RPT3'!$J254)
A255: Base Scripts - w/o Exclusions - Specialty - Generic - Base - Maintenance | C255: =IF(Combine="Y", $G255, 0) | G255: =SUM($K255:$M255) | K255: =IF('RPT1'!$J255="","",'RPT1'!$J255) | L255: =IF('RPT2'!$J255="","",'RPT2'!$J255) | M255: =IF('RPT3'!$J255="","",'RPT3'!$J255)
...

Sheet _CombineConfig
A1: Y
A2: RPT3504944005661WP

Sheet Output| Specialty RPT
B5: 46276.233

Sheet RPT1
J8: RPT3504944005661WP
J9: 2026-01-27T08:39:54.000+00:00
J10: N/A
J11: 2027
J12: 2028
J13: 2029
J14: 2030
J15: 2031
J16: 01/01/2025
J17: 11/30/2025
J18: RxAdvance HTA Groups Rebate1 - M003
J19: Medicare D
J20: Gold 5 Tier-GOV
J22: Include
J23: Include
J24: Include
J25: Include
J26: Include
J27: Include
J28: Include
... J51: N/A
J52: 0.099279515
J53: 0.07665484
J54: https://repricingrequestform.optum.com/BGDefLookup/Override
J55: N/A
J58: Standard
J59: Standard
J60: No oGLP-1 Rebate Lift
J61: No
J62: Standard
J63: Yes
J64: No
J65: 0
J66: No
J67: 0
J68: Yes
J69: Yes
J70: No
J71: No
J72: No
J73: <N/A>
J74: MFP Included
J75: <N/A>
J76: No
J77: N/A
J80: 395.95865
J81: 355.03877
J82: 351.66014
J83: 386.6927
J84: 431.70031
J85: 3894.6824
J86: 3984.1591
J87: 4037.3696
J88: 4052.5738
J89: 4072.0151
J90: 57215.017
J91: 56176.397
... J943: 0

Sheet RPT2
J8: RPT7016379876729NN
J9: 2026-01-27T08:39:54.000+00:00
J10: N/A
J11: 2027
J12: 2028
J13: 2029
J14: 2030
J15: 2031
J16: 01/01/2025
J17: 11/30/2025
J18: RxAdvance HTA Groups Rebate1 - M003
J19: Medicare D
J20: Gold 5 Tier-GOV
J21: MFP 2026 & 2027
J22: Include
J23: Include
J24: Include
J25: Include
J26: Include
J27: Include
... J51: N/A
J52: 0.16376938
J53: 0.12423121
J54: https://repricingrequestform.optum.com/BGDefLookup/Override
J55: N/A
J58: Standard
J59: Standard
J60: No oGLP-1 Rebate Lift
J61: Yes
J62: Standard
J63: Yes
J64: No
J65: 0
J66: No
J67: 0
J68: Yes
J69: Yes
J70: No
J71: No
J72: No
J73: Medicare w Humira
J74: MFP 2026 & 2027 lists excluded
J75: <N/A>
J76: No
J77: N/A
J80: 395.60503
J81: 354.69286
J82: 351.3098
J83: 386.2276
J84: 431.0786
J85: 3895.036
J86: 3984.505
J87: 4037.7199
J88: 4053.0389
J89: 4072.6368
J90: 57232.491
J91: 56191.359
... J943: 0

Sheet RPT3
J8: RPT1161653296037EO
J9: 2026-01-27T08:39:54.000+00:00
J10: N/A
J11: 2027
J12: 2028
J13: 2029
J14: 2030
J15: 2031
J16: 01/01/2025
J17: 11/30/2025
J18: RxAdvance HTA Groups Rebate1 - M003
J19: Medicare D
J20: Gold 5 Tier-GOV
J21: nonRebatable, MFP 2026 & 2027
J22: Include
J23: Include
J24: Include
J25: Include
J26: Include
J27: Include
... J51: N/A
J52: 0.099279515
J53: 0.12423121
J54: https://repricingrequestform.optum.com/BGDefLookup/Override
J55: N/A
J58: Standard
J59: Standard
J60: No oGLP-1 Rebate Lift
J61: Yes
J62: Standard
J63: Yes
J64: No
J65: 0
J66: Yes
J67: 3
J68: Yes
J69: Yes
J70: No
J71: No
J72: No
J73: <N/A>
J74: MFP 2026 & 2027 lists excluded
J75: PTD Stelara Exclusive
J76: No
J77: N/A
J80: 395.72499
J81: 354.65302
J82: 351.08566
J83: 385.89602
J84: 430.60506
J85: 3894.916
J86: 3984.5449
J87: 4037.9441
J88: 4053.3705
J89: 4073.1104
J90: 57199.84
J91: 56137.584
... J943: 0
